cardholder_id,Recency,Frequency,Monetary
0_0,5,9,6865.0
1_0,20,9,11496.0
2_0,7,5,7620.0
3_0,14,9,11471.0
4_0,3,4,6570.0
5_0,11,6,9822.0
6_0,5,4,5669.0
7_0,6,7,5022.0
8_0,3,12,9530.0
9_0,1,13,8700.0
10_0,1,7,4450.0
11_0,1,9,8507.0
12_0,3,9,10500.0
13_0,8,4,6550.0
14_0,3,4,8699.0
15_0,2,3,7150.0
16_0,1,8,10435.0
17_0,10,8,5380.0
18_0,17,5,6363.0
19_0,4,7,4620.0
20_0,4,5,5560.0
21_0,6,11,6470.0
22_0,3,6,4470.0
23_0,10,2,6750.0
24_0,14,5,5010.0
25_0,3,6,4320.0
26_0,1,7,5274.0
27_0,3,3,8643.0
28_0,9,11,7111.0
29_0,5,10,7652.0
30_0,6,5,4630.0
31_0,1,7,8750.0
32_0,8,6,5260.0
33_0,4,6,4280.0
34_0,24,6,9580.0
35_0,1,12,8482.0
36_0,6,3,8376.0
37_0,12,9,5120.0
38_0,2,12,7430.0
39_0,4,11,8218.0
40_0,12,7,6010.0
41_0,6,6,9264.0
42_0,9,10,11610.0
43_0,3,9,10930.0
44_0,7,10,5668.0
45_0,7,12,6326.0
46_0,5,6,6690.0
47_0,1,5,5814.0
48_0,3,5,7780.0
49_0,10,11,10750.0
50_0,7,5,5209.0
51_0,4,9,3440.0
52_0,1,5,5150.0
53_0,8,9,7010.0
54_0,1,8,6170.0
55_0,2,6,4840.0
56_0,7,9,3030.0
57_0,3,3,6879.0
58_0,10,7,7555.0
59_0,8,5,6730.0
60_0,3,10,6348.0
61_0,5,4,7458.0
62_0,1,7,6190.0
63_0,4,7,10780.0
64_0,6,6,8927.0
65_0,13,5,10532.0
66_0,8,5,7034.0
67_0,3,5,7772.0
68_0,2,4,8830.0
69_0,3,7,13600.0
70_0,9,4,8100.0
71_0,1,8,11434.0
72_0,2,12,6890.0
73_0,1,13,8400.0
74_0,10,8,5649.0
75_0,6,7,15872.0
76_0,11,4,9150.0
77_0,5,7,14510.0
78_0,6,8,4208.0
79_0,4,7,4330.0
80_0,3,6,10572.0
81_0,9,5,4669.0
82_0,5,13,9750.0
83_0,1,1,10000.0
84_0,6,7,3490.0
85_0,2,5,4670.0
86_0,4,3,9940.0
87_0,5,7,11730.0
88_0,7,6,8160.0
89_0,4,4,5571.0
90_0,3,6,6970.0
91_0,2,15,3410.0
92_0,4,6,6649.0
93_0,8,3,5970.0
94_0,5,6,7060.0
95_0,8,6,5900.0
96_0,2,9,9716.0
97_0,6,4,6043.0
98_0,4,6,5820.0
99_0,3,6,7740.0
100_0,2,11,7132.0
101_0,3,3,6334.0
102_0,12,5,7087.0
103_0,28,9,5019.0
104_0,2,8,5405.0
105_0,5,8,3662.0
106_0,3,6,6068.0
107_0,4,8,7294.0
108_0,3,7,4780.0
109_0,11,6,8809.0
110_0,8,7,7860.0
111_0,7,10,4690.0
112_0,1,6,7350.0
113_0,11,4,6181.0
114_0,6,5,13266.0
115_0,6,5,7208.0
116_0,2,7,4520.0
117_0,4,6,9789.0
118_0,4,6,6240.0
119_0,1,8,7320.0
120_0,2,5,5280.0
121_0,11,4,5640.0
122_0,1,5,5460.0
123_0,1,11,6080.0
124_0,3,6,8130.0
125_0,11,6,6730.0
126_0,6,10,11192.0
127_0,3,5,13960.0
128_0,7,10,5640.0
129_0,3,4,9324.0
130_0,2,10,7850.0
131_0,12,5,7742.0
132_0,2,15,3870.0
133_0,4,8,7780.0
134_0,1,9,5951.0
135_0,7,3,9527.0
136_0,12,6,8060.0
137_0,6,6,3956.0
138_0,3,8,8810.0
139_0,6,7,3768.0
140_0,5,5,4930.0
141_0,18,7,10160.0
142_0,12,9,5180.0
143_0,23,3,8200.0
144_0,15,5,5710.0
145_0,4,5,5210.0
146_0,3,7,7850.0
147_0,1,12,5427.0
148_0,7,12,5900.0
149_0,18,11,7670.0
150_0,3,14,8000.0
151_0,5,10,4899.0
152_0,4,8,5576.0
153_0,6,5,5540.0
154_0,11,10,7070.0
155_0,2,8,10710.0
156_0,6,4,13460.0
157_0,2,11,5620.0
158_0,4,4,8328.0
159_0,14,11,8670.0
160_0,9,13,9510.0
161_0,2,12,5760.0
162_0,4,6,9680.0
163_0,2,10,3920.0
164_0,1,6,5390.0
165_0,6,6,4660.0
166_0,1,5,5130.0
167_0,2,10,6470.0
168_0,8,7,5850.0
169_0,10,11,8802.0
170_0,12,4,5440.0
171_0,10,6,14363.0
172_0,2,13,9750.0
173_0,2,8,6890.0
174_0,4,2,7780.0
175_0,2,8,10470.0
176_0,13,5,9440.0
177_0,13,6,9876.0
178_0,14,2,7260.0
179_0,1,6,9200.0
180_0,1,13,6490.0
181_0,10,12,8710.0
182_0,2,4,5510.0
183_0,1,8,12940.0
184_0,2,8,5390.0
185_0,4,11,9880.0
186_0,5,8,4570.0
187_0,7,6,6170.0
188_0,4,5,6718.0
189_0,6,6,9180.0
190_0,6,6,6650.0
191_0,4,4,5602.0
192_0,14,6,4987.0
193_0,7,7,6680.0
194_0,2,10,4419.0
195_0,3,5,12839.0
196_0,5,6,6224.0
197_0,4,11,8360.0
198_0,6,7,6904.0
199_0,5,6,8090.0
200_0,2,9,2570.0
201_0,11,10,8390.0
202_0,21,9,7070.0
203_0,5,6,5748.0
204_0,4,7,4789.0
205_0,4,4,9260.0
206_0,10,5,5027.0
207_0,1,7,6440.0
208_0,5,10,13000.0
209_0,2,5,11590.0
210_0,5,6,8330.0
211_0,7,3,6400.0
212_0,1,4,6710.0
213_0,5,7,5640.0
214_0,4,8,7438.0
215_0,2,8,7640.0
216_0,11,10,12337.0
217_0,4,8,5219.0
218_0,11,8,9140.0
219_0,2,7,9390.0
220_0,4,4,5561.0
221_0,2,7,4870.0
222_0,5,6,4090.0
223_0,8,7,5162.0
224_0,8,5,7810.0
225_0,19,3,7555.0
226_0,3,5,8350.0
227_0,4,5,6220.0
228_0,1,9,10800.0
229_0,5,9,5380.0
230_0,12,6,4821.0
231_0,5,6,7300.0
232_0,5,14,7190.0
233_0,5,4,5690.0
234_0,4,6,14410.0
235_0,15,8,3250.0
236_0,3,7,8310.0
237_0,11,3,6540.0
238_0,7,12,9430.0
239_0,8,15,6648.0
240_0,2,6,6701.0
241_0,6,13,7050.0
242_0,23,4,8377.0
243_0,5,11,6736.0
244_0,11,3,9900.0
245_0,17,7,8880.0
246_0,10,11,5830.0
247_0,17,3,7380.0
248_0,2,6,8360.0
249_0,5,6,7400.0
250_0,13,4,5657.0
251_0,1,7,6950.0
252_0,17,7,9860.0
253_0,10,9,6939.0
254_0,4,3,7160.0
255_0,7,10,12290.0
256_0,8,10,11595.0
257_0,6,8,5230.0
258_0,2,7,8368.0
259_0,3,3,6094.0
260_0,4,3,6870.0
261_0,1,7,9250.0
262_0,11,7,8754.0
263_0,10,5,6310.0
264_0,11,7,6290.0
265_0,1,4,5999.0
266_0,1,11,8720.0
267_0,4,11,5791.0
268_0,2,10,12496.0
269_0,7,6,13189.0
270_0,5,8,11579.0
271_0,4,11,6162.0
272_0,12,6,6990.0
273_0,1,8,7761.0
274_0,2,4,11750.0
275_0,4,8,8044.0
276_0,3,4,6918.0
277_0,3,4,6740.0
278_0,1,10,6741.0
279_0,6,10,8740.0
280_0,3,5,5310.0
281_0,19,4,7300.0
282_0,19,3,7540.0
283_0,2,8,10430.0
284_0,3,4,5930.0
285_0,7,7,5939.0
286_0,2,9,6910.0
287_0,5,11,8210.0
288_0,2,12,7520.0
289_0,5,9,11413.0
290_0,3,5,10803.0
291_0,2,5,9241.0
292_0,5,11,7300.0
293_0,2,6,5500.0
294_0,6,2,6730.0
295_0,10,11,7350.0
296_0,1,7,5364.0
297_0,9,4,6486.0
298_0,1,7,4490.0
299_0,2,9,8460.0
300_0,11,9,7873.0
301_0,12,7,5350.0
302_0,5,9,8646.0
303_0,2,8,9330.0
304_0,5,9,4520.0
305_0,10,3,8080.0
306_0,4,9,6360.0
307_0,7,10,8860.0
308_0,1,6,9805.0
309_0,2,9,4776.0
310_0,8,3,7790.0
311_0,3,3,7725.0
312_0,4,6,3962.0
313_0,10,5,6330.0
314_0,9,6,5260.0
315_0,1,9,12770.0
316_0,13,8,9488.0
317_0,3,5,7531.0
318_0,3,14,5490.0
319_0,5,5,6019.0
320_0,3,9,12759.0
321_0,2,11,7324.0
322_0,8,3,7334.0
323_0,11,7,14690.0
324_0,4,5,5660.0
325_0,3,4,8636.0
326_0,2,6,7140.0
327_0,8,9,6798.0
328_0,7,4,6370.0
329_0,1,14,7630.0
330_0,5,7,5530.0
331_0,4,4,6220.0
332_0,2,6,11502.0
333_0,1,4,5940.0
334_0,4,6,8025.0
335_0,10,5,7909.0
336_0,16,9,3680.0
337_0,3,7,4250.0
338_0,6,10,7340.0
339_0,11,9,6270.0
340_0,4,6,6260.0
341_0,6,12,10897.0
342_0,17,7,7033.0
343_0,5,10,6706.0
344_0,3,10,11460.0
345_0,3,7,7089.0
346_0,7,5,6150.0
347_0,2,5,5567.0
348_0,7,11,8420.0
349_0,3,6,5730.0
350_0,3,4,6770.0
351_0,1,7,5390.0
352_0,4,5,7810.0
353_0,43,13,10760.0
354_0,5,13,8540.0
355_0,5,9,6350.0
356_0,17,5,5750.0
357_0,12,7,5700.0
358_0,3,7,7470.0
359_0,9,9,5610.0
360_0,6,8,5635.0
361_0,1,7,10915.0
362_0,3,5,4770.0
363_0,4,5,9553.0
364_0,13,13,6210.0
365_0,8,3,6626.0
366_0,4,6,8650.0
367_0,10,3,7140.0
368_0,6,8,5260.0
369_0,9,11,9600.0
370_0,7,5,7893.0
371_0,3,7,5822.0
372_0,4,6,4500.0
373_0,1,7,3680.0
374_0,3,5,7519.0
375_0,10,9,10001.0
376_0,12,6,4930.0
377_0,5,7,6920.0
378_0,16,3,9260.0
379_0,6,7,5820.0
380_0,6,7,7420.0
381_0,2,8,4270.0
382_0,4,11,7480.0
383_0,2,7,6490.0
384_0,14,10,5360.0
385_0,2,9,6990.0
386_0,17,4,6450.0
387_0,7,8,6100.0
388_0,11,3,6790.0
389_0,1,6,5780.0
390_0,5,3,7290.0
391_0,4,2,12720.0
392_0,1,4,6753.0
393_0,13,6,5780.0
394_0,17,4,7690.0
395_0,4,5,6974.0
396_0,8,9,6870.0
397_0,4,4,5720.0
398_0,3,7,5960.0
399_0,10,3,6160.0
400_0,11,8,9440.0
401_0,26,5,12990.0
402_0,2,12,6260.0
403_0,2,7,7191.0
404_0,3,8,11266.0
405_0,1,9,10558.0
406_0,9,5,7610.0
407_0,4,5,15153.0
408_0,3,6,6378.0
409_0,1,11,9390.0
410_0,4,9,3569.0
411_0,16,5,5008.0
412_0,1,12,9939.0
413_0,8,5,6330.0
414_0,1,4,7260.0
415_0,1,6,4980.0
416_0,3,14,4990.0
417_0,1,6,5570.0
418_0,2,10,12054.0
419_0,11,3,6250.0
420_0,4,6,7256.0
421_0,14,5,6360.0
422_0,2,12,10020.0
423_0,3,9,5920.0
424_0,2,4,6670.0
425_0,2,6,4080.0
426_0,10,4,9150.0
427_0,1,5,8170.0
428_0,2,3,8850.0
429_0,2,8,7198.0
430_0,1,8,5220.0
431_0,6,7,4463.0
432_0,2,8,6902.0
433_0,5,11,5960.0
434_0,3,7,5630.0
435_0,1,5,7344.0
436_0,2,7,5040.0
437_0,10,5,4680.0
438_0,4,5,7832.0
439_0,6,7,9940.0
440_0,22,12,7430.0
441_0,13,4,9040.0
442_0,1,10,5816.0
443_0,19,7,4378.0
444_0,3,6,4170.0
445_0,19,6,8147.0
446_0,10,3,6040.0
447_0,6,4,6300.0
448_0,10,4,10491.0
449_0,8,6,4707.0
450_0,7,7,9520.0
451_0,3,4,7468.0
452_0,3,4,9316.0
453_0,5,3,6390.0
454_0,4,5,4700.0
455_0,5,7,5753.0
456_0,12,4,6212.0
457_0,2,7,4750.0
458_0,18,3,7670.0
459_0,2,8,9580.0
460_0,10,5,6807.0
461_0,2,10,7201.0
462_0,2,12,9400.0
463_0,10,6,5688.0
464_0,3,5,8800.0
465_0,2,7,8382.0
466_0,9,6,4110.0
467_0,2,5,6780.0
468_0,7,6,8099.0
469_0,7,8,6250.0
470_0,1,4,5464.0
471_0,5,9,7830.0
472_0,2,9,7312.0
473_0,10,10,8346.0
474_0,3,11,6283.0
475_0,2,13,5360.0
476_0,6,9,3370.0
477_0,4,11,9870.0
478_0,11,5,9602.0
479_0,2,6,4100.0
480_0,11,5,7743.0
481_0,2,3,9439.0
482_0,5,9,6410.0
483_0,7,7,5178.0
484_0,6,4,7830.0
485_0,6,4,7840.0
486_0,10,9,6587.0
487_0,14,5,12330.0
488_0,3,11,9058.0
489_0,1,11,7316.0
490_0,6,1,10000.0
491_0,1,6,8468.0
492_0,9,4,5790.0
493_0,3,4,8760.0
494_0,4,3,6890.0
495_0,5,3,6110.0
496_0,26,10,7931.0
497_0,2,7,8244.0
498_0,12,5,7220.0
499_0,2,12,5970.0
500_0,10,7,6070.0
501_0,1,12,6980.0
502_0,5,9,8405.0
503_0,14,5,6310.0
504_0,2,6,5910.0
505_0,5,4,5523.0
506_0,1,11,6690.0
507_0,3,4,8900.0
508_0,11,3,8390.0
509_0,4,12,2160.0
510_0,8,6,9365.0
511_0,6,4,11470.0
512_0,1,5,6410.0
513_0,2,7,3710.0
514_0,4,3,7120.0
515_0,5,4,6153.0
516_0,8,11,11932.0
517_0,5,7,4070.0
518_0,3,5,5810.0
519_0,4,5,6110.0
520_0,9,7,4900.0
521_0,10,4,5615.0
522_0,2,9,5750.0
523_0,4,9,5758.0
524_0,15,8,2820.0
525_0,4,7,5769.0
526_0,6,9,9968.0
527_0,1,4,6260.0
528_0,7,8,9535.0
529_0,12,4,6663.0
530_0,3,4,6340.0
531_0,3,11,9014.0
532_0,11,6,12430.0
533_0,3,9,8370.0
534_0,9,5,5996.0
535_0,4,3,6390.0
536_0,6,7,7350.0
537_0,4,6,10120.0
538_0,5,7,5890.0
539_0,3,6,12522.0
540_0,4,13,9149.0
541_0,5,4,9610.0
542_0,3,4,8960.0
543_0,6,8,5129.0
544_0,1,4,6590.0
545_0,4,4,8720.0
546_0,3,6,9100.0
547_0,1,8,5890.0
548_0,23,4,10190.0
549_0,1,13,7785.0
550_0,1,5,5295.0
551_0,4,8,7679.0
552_0,5,5,6520.0
553_0,12,4,7310.0
554_0,3,8,9070.0
555_0,6,14,7070.0
556_0,9,7,3850.0
557_0,4,6,13439.0
558_0,5,7,8652.0
559_0,32,9,10046.0
560_0,13,11,8331.0
561_0,3,5,6480.0
562_0,3,8,5160.0
563_0,17,5,5510.0
564_0,14,9,4725.0
565_0,6,6,10834.0
566_0,4,5,4933.0
567_0,3,13,8224.0
568_0,4,6,7740.0
569_0,8,9,7270.0
570_0,7,8,9670.0
571_0,3,3,6210.0
572_0,9,4,8710.0
573_0,3,8,8780.0
574_0,7,5,7370.0
575_0,10,3,6210.0
576_0,6,10,9190.0
577_0,3,4,9197.0
578_0,31,7,8725.0
579_0,6,8,6910.0
580_0,17,6,4500.0
581_0,15,5,9853.0
582_0,1,6,9000.0
583_0,4,7,8275.0
584_0,3,8,5910.0
585_0,9,4,7270.0
586_0,13,4,6980.0
587_0,5,4,8010.0
588_0,3,9,4820.0
589_0,9,10,10320.0
590_0,3,7,5185.0
591_0,3,8,6960.0
592_0,3,3,7250.0
593_0,15,5,7941.0
594_0,10,6,5920.0
595_0,1,11,3210.0
596_0,7,4,6650.0
597_0,10,9,9296.0
598_0,7,7,5998.0
599_0,1,7,4492.0
600_0,3,6,5990.0
601_0,10,4,6116.0
602_0,2,8,11819.0
603_0,1,9,4860.0
604_0,1,4,10497.0
605_0,11,5,10160.0
606_0,7,5,6220.0
607_0,5,7,9221.0
608_0,2,8,9766.0
609_0,3,3,7330.0
610_0,3,4,18579.0
611_0,3,6,7260.0
612_0,1,6,9795.0
613_0,9,7,3930.0
614_0,3,10,7339.0
615_0,6,3,7481.0
616_0,4,10,6820.0
617_0,15,6,10220.0
618_0,21,11,4930.0
619_0,2,5,6557.0
620_0,3,3,6683.0
621_0,3,13,8451.0
622_0,9,9,6440.0
623_0,6,5,7020.0
624_0,15,7,5020.0
625_0,4,6,6520.0
626_0,1,7,7400.0
627_0,6,12,6459.0
628_0,5,13,8280.0
629_0,1,8,3940.0
630_0,11,7,16186.0
631_0,26,17,2290.0
632_0,3,5,5130.0
633_0,10,5,7790.0
634_0,5,11,6550.0
635_0,3,7,7860.0
636_0,8,7,12120.0
637_0,12,4,6165.0
638_0,3,5,9082.0
639_0,8,5,8381.0
640_0,12,5,5760.0
641_0,3,5,4892.0
642_0,1,6,4160.0
643_0,8,5,5900.0
644_0,11,12,10391.0
645_0,14,6,5960.0
646_0,3,4,5819.0
647_0,9,6,4291.0
648_0,4,4,5430.0
649_0,5,5,5240.0
650_0,2,11,6406.0
651_0,7,7,5680.0
652_0,2,10,8370.0
653_0,3,2,9230.0
654_0,3,6,11779.0
655_0,3,4,9679.0
656_0,5,13,9060.0
657_0,2,9,4970.0
658_0,1,13,9750.0
659_0,5,6,5840.0
660_0,14,2,9170.0
661_0,3,4,7728.0
662_0,17,5,8660.0
663_0,13,9,6821.0
664_0,6,8,5601.0
665_0,1,8,5330.0
666_0,2,5,11030.0
667_0,6,12,6584.0
668_0,6,5,8529.0
669_0,2,8,6506.0
670_0,8,10,7910.0
671_0,4,7,11680.0
672_0,4,12,6610.0
673_0,3,6,8610.0
674_0,13,3,9620.0
675_0,11,4,6900.0
676_0,11,3,8100.0
677_0,7,5,4960.0
678_0,3,10,11116.0
679_0,7,6,6150.0
680_0,2,6,5934.0
681_0,4,6,13690.0
682_0,9,12,9510.0
683_0,2,12,8599.0
684_0,4,4,7122.0
685_0,9,4,6540.0
686_0,7,6,4989.0
687_0,1,9,8060.0
688_0,7,7,12880.0
689_0,11,6,4390.0
690_0,3,8,5552.0
691_0,2,12,9079.0
692_0,17,3,7280.0
693_0,23,3,10075.0
694_0,1,7,4166.0
695_0,10,4,8132.0
696_0,6,4,6018.0
697_0,2,8,4060.0
698_0,4,8,6710.0
699_0,11,4,5893.0
700_0,7,5,7640.0
701_0,3,8,8030.0
702_0,3,7,9598.0
703_0,4,5,4660.0
704_0,5,6,4967.0
705_0,18,3,7780.0
706_0,9,7,4345.0
707_0,2,8,4040.0
708_0,9,8,12780.0
709_0,3,11,4870.0
710_0,3,6,5979.0
711_0,1,7,6041.0
712_0,1,5,5362.0
713_0,9,7,4940.0
714_0,3,11,10260.0
715_0,2,10,7280.0
716_0,1,11,6650.0
717_0,3,5,8467.0
718_0,5,13,5834.0
719_0,6,5,7920.0
720_0,6,6,4763.0
721_0,2,13,6500.0
722_0,3,6,5730.0
723_0,4,9,11215.0
724_0,16,1,13000.0
725_0,1,12,7935.0
726_0,4,5,5440.0
727_0,4,6,6720.0
728_0,2,5,7370.0
729_0,2,12,4900.0
730_0,9,6,4160.0
731_0,2,13,7890.0
732_0,15,12,8192.0
733_0,17,5,5680.0
734_0,6,3,6749.0
735_0,10,7,4831.0
736_0,2,11,5990.0
737_0,2,3,15460.0
738_0,1,13,7160.0
739_0,5,4,5440.0
740_0,2,8,6402.0
741_0,12,7,4570.0
742_0,2,7,4831.0
743_0,7,8,4530.0
744_0,2,7,4112.0
745_0,12,5,7494.0
746_0,1,5,6628.0
747_0,4,3,7040.0
748_0,1,7,3390.0
749_0,4,4,10190.0
750_0,5,7,3530.0
751_0,4,5,7854.0
752_0,5,5,5378.0
753_0,5,7,5428.0
754_0,4,4,6264.0
755_0,3,10,11525.0
756_0,7,8,5336.0
757_0,4,4,5610.0
758_0,7,10,5061.0
759_0,3,8,6048.0
760_0,3,9,8733.0
761_0,1,10,4270.0
762_0,8,6,4540.0
763_0,3,8,6216.0
764_0,8,6,4438.0
765_0,1,5,4910.0
766_0,11,5,9895.0
767_0,4,13,8532.0
768_0,3,7,6010.0
769_0,2,7,6770.0
770_0,3,7,12258.0
771_0,14,7,5330.0
772_0,5,12,7310.0
773_0,7,6,9000.0
774_0,3,7,7480.0
775_0,3,8,7686.0
776_0,6,3,6270.0
777_0,5,4,6172.0
778_0,11,4,8994.0
779_0,7,9,5141.0
780_0,5,11,8263.0
781_0,2,7,5160.0
782_0,3,4,9448.0
783_0,6,5,4840.0
784_0,2,8,4130.0
785_0,5,8,7290.0
786_0,3,8,7100.0
787_0,4,12,8780.0
788_0,4,4,10930.0
789_0,11,6,4820.0
790_0,1,10,6110.0
791_0,1,12,6200.0
792_0,6,10,7441.0
793_0,2,8,11656.0
794_0,5,5,8429.0
795_0,5,13,9178.0
796_0,5,7,5070.0
797_0,9,8,6440.0
798_0,4,8,5700.0
799_0,12,3,5980.0
800_0,2,10,9515.0
801_0,5,8,5720.0
802_0,22,8,11758.0
803_0,4,3,6200.0
804_0,6,15,7230.0
805_0,2,7,7148.0
806_0,11,5,8020.0
807_0,11,6,4200.0
808_0,4,6,8000.0
809_0,3,7,16650.0
810_0,17,5,5190.0
811_0,3,4,9712.0
812_0,3,6,5550.0
813_0,25,11,6850.0
814_0,6,5,4740.0
815_0,17,5,9502.0
816_0,17,3,6960.0
817_0,3,5,7530.0
818_0,8,5,8700.0
819_0,8,10,7750.0
820_0,2,5,5703.0
821_0,9,9,9401.0
822_0,1,5,10260.0
823_0,12,6,9090.0
824_0,6,6,4470.0
825_0,3,6,4342.0
826_0,10,8,7987.0
827_0,6,6,3990.0
828_0,1,7,5590.0
829_0,19,3,7470.0
830_0,7,7,6200.0
831_0,13,13,8120.0
832_0,2,3,9390.0
833_0,5,6,6760.0
834_0,4,4,6240.0
835_0,5,6,9780.0
836_0,6,13,7999.0
837_0,3,5,6777.0
838_0,5,12,9609.0
839_0,2,7,4352.0
840_0,11,7,9590.0
841_0,7,6,4020.0
842_0,3,3,9283.0
843_0,7,8,7350.0
844_0,17,8,11052.0
845_0,13,9,11870.0
846_0,18,7,5034.0
847_0,4,7,7540.0
848_0,15,9,8950.0
849_0,14,7,3860.0
850_0,1,8,5516.0
851_0,5,3,7120.0
852_0,4,3,6147.0
853_0,10,7,7193.0
854_0,4,12,6710.0
855_0,10,7,4180.0
856_0,8,3,6650.0
857_0,2,4,9710.0
858_0,1,11,7075.0
859_0,2,9,7590.0
860_0,3,6,7002.0
861_0,5,4,5590.0
862_0,12,5,5390.0
863_0,6,5,13937.0
864_0,5,14,6800.0
865_0,1,9,6703.0
866_0,1,7,4830.0
867_0,3,2,13010.0
868_0,6,5,6710.0
869_0,4,5,8580.0
870_0,3,10,5810.0
871_0,3,7,4300.0
872_0,7,6,6175.0
873_0,6,4,7800.0
874_0,8,5,5560.0
875_0,3,10,4630.0
876_0,3,4,9117.0
877_0,7,6,6139.0
878_0,3,4,6694.0
879_0,8,7,7139.0
880_0,7,4,7040.0
881_0,11,6,9424.0
882_0,3,7,13766.0
883_0,5,4,5486.0
884_0,9,8,14284.0
885_0,10,6,4100.0
886_0,2,8,4110.0
887_0,3,9,9270.0
888_0,11,1,11910.0
889_0,1,9,4744.0
890_0,10,3,8470.0
891_0,2,6,4614.0
892_0,27,7,7060.0
893_0,3,4,8529.0
894_0,4,7,3920.0
895_0,2,5,4823.0
896_0,13,7,5690.0
897_0,28,9,7879.0
898_0,12,7,5478.0
899_0,11,6,6440.0
900_0,13,11,7712.0
901_0,7,6,7555.0
902_0,7,6,4915.0
903_0,4,3,8790.0
904_0,1,9,6810.0
905_0,6,2,8650.0
906_0,5,8,9306.0
907_0,3,14,7715.0
908_0,6,10,5890.0
909_0,11,5,4634.0
910_0,4,6,4095.0
911_0,4,8,14680.0
912_0,12,9,8190.0
913_0,7,7,7350.0
914_0,4,5,6424.0
915_0,12,8,8210.0
916_0,5,6,4540.0
917_0,4,9,10210.0
918_0,13,8,8540.0
919_0,3,7,6280.0
920_0,10,3,8700.0
921_0,8,5,5172.0
922_0,2,8,8008.0
923_0,1,12,10080.0
924_0,4,6,4559.0
925_0,8,11,6840.0
926_0,1,5,7000.0
927_0,5,6,14128.0
928_0,3,5,5187.0
929_0,2,11,6898.0
930_0,7,8,11827.0
931_0,1,9,7065.0
932_0,6,8,5788.0
933_0,21,4,8700.0
934_0,12,5,4612.0
935_0,7,4,7060.0
936_0,3,10,7756.0
937_0,6,5,5157.0
938_0,10,4,5620.0
939_0,4,3,7250.0
940_0,2,6,4240.0
941_0,12,6,3932.0
942_0,7,5,4690.0
943_0,2,9,9368.0
944_0,27,13,9040.0
945_0,16,9,5890.0
946_0,8,7,3720.0
947_0,4,6,10759.0
948_0,13,13,9601.0
949_0,3,7,3709.0
950_0,5,9,6433.0
951_0,2,6,4416.0
952_0,11,5,4990.0
953_0,8,9,6755.0
954_0,2,3,6060.0
955_0,6,8,4870.0
956_0,10,4,7780.0
957_0,8,4,8780.0
958_0,1,12,7730.0
959_0,2,12,5900.0
960_0,3,6,7000.0
961_0,10,6,4520.0
962_0,2,6,5430.0
963_0,2,12,5399.0
964_0,6,2,12590.0
965_0,3,12,6410.0
966_0,4,7,5378.0
967_0,23,6,7940.0
968_0,7,8,9360.0
969_0,1,3,6389.0
970_0,4,4,6266.0
971_0,10,7,6980.0
972_0,10,5,7256.0
973_0,8,3,8228.0
974_0,24,6,12690.0
975_0,2,7,6340.0
976_0,4,9,5910.0
977_0,3,7,7280.0
978_0,2,6,4415.0
979_0,24,6,9600.0
980_0,9,3,7970.0
981_0,4,10,13369.0
982_0,1,5,6540.0
983_0,4,8,7809.0
984_0,2,10,4680.0
985_0,4,5,8680.0
986_0,2,12,10920.0
987_0,17,5,5720.0
988_0,14,8,3848.0
989_0,4,10,10350.0
990_0,1,4,7410.0
991_0,9,8,6630.0
992_0,21,7,10040.0
993_0,3,7,5913.0
994_0,5,7,13060.0
995_0,2,12,9880.0
996_0,24,6,10000.0
997_0,13,7,6696.0
998_0,12,12,10182.0
999_0,3,5,10780.0
1000_0,7,5,4810.0
1001_0,6,6,6950.0
1002_0,8,7,4180.0
1003_0,4,11,11248.0
1004_0,3,6,8195.0
1005_0,10,6,9300.0
1006_0,4,7,5770.0
1007_0,12,10,8370.0
1008_0,9,5,5620.0
1009_0,4,13,3640.0
1010_0,10,7,3366.0
1011_0,12,11,9530.0
1012_0,4,4,5665.0
1013_0,10,5,16704.0
1014_0,3,8,4500.0
1015_0,5,6,4312.0
1016_0,9,8,5980.0
1017_0,6,4,5949.0
1018_0,10,3,6120.0
1019_0,11,6,5857.0
1020_0,9,7,9470.0
1021_0,4,5,6540.0
1022_0,3,7,10261.0
1023_0,5,14,8090.0
1024_0,3,6,4492.0
1025_0,7,10,5858.0
1026_0,5,7,8940.0
1027_0,2,4,5550.0
1028_0,4,5,8310.0
1029_0,3,9,4260.0
1030_0,6,7,9540.0
1031_0,2,7,5930.0
1032_0,3,6,3990.0
1033_0,3,6,7443.0
1034_0,3,6,13978.0
1035_0,1,7,6860.0
1036_0,8,7,5453.0
1037_0,31,5,10130.0
1038_0,5,4,10386.0
1039_0,4,8,13967.0
1040_0,3,12,6320.0
1041_0,12,4,7300.0
1042_0,2,6,4368.0
1043_0,10,5,7226.0
1044_0,5,6,10336.0
1045_0,3,3,6690.0
1046_0,3,6,4938.0
1047_0,1,11,7390.0
1048_0,2,5,5460.0
1049_0,7,5,8490.0
1050_0,8,7,5989.0
1051_0,5,3,11550.0
1052_0,1,6,4610.0
1053_0,2,10,5440.0
1054_0,17,3,6817.0
1055_0,20,12,10330.0
1056_0,4,11,9860.0
1057_0,7,9,9500.0
1058_0,8,6,6640.0
1059_0,7,5,9725.0
1060_0,6,8,11356.0
1061_0,3,4,12110.0
1062_0,10,4,12090.0
1063_0,11,6,5469.0
1064_0,13,7,4070.0
1065_0,8,9,5160.0
1066_0,3,8,12974.0
1067_0,5,8,6240.0
1068_0,12,9,9708.0
1069_0,4,3,6780.0
1070_0,3,6,7310.0
1071_0,10,5,9870.0
1072_0,3,6,5400.0
1073_0,1,11,8022.0
1074_0,1,10,6120.0
1075_0,2,9,7380.0
1076_0,3,8,6080.0
1077_0,2,8,4520.0
1078_0,2,6,11240.0
1079_0,9,5,5160.0
1080_0,13,7,3870.0
1081_0,4,11,7510.0
1082_0,9,7,6029.0
1083_0,3,12,9639.0
1084_0,5,8,7050.0
1085_0,4,4,7400.0
1086_0,3,6,8810.0
1087_0,2,5,10754.0
1088_0,3,6,5100.0
1089_0,9,7,4270.0
1090_0,9,6,4843.0
1091_0,3,7,7828.0
1092_0,2,6,9969.0
1093_0,3,11,6019.0
1094_0,13,5,7075.0
1095_0,4,4,6360.0
1096_0,4,9,4700.0
1097_0,2,3,10750.0
1098_0,7,7,4917.0
1099_0,1,3,7185.0
1100_0,13,5,6327.0
1101_0,7,9,3022.0
1102_0,1,7,15097.0
1103_0,6,12,9650.0
1104_0,3,6,4700.0
1105_0,2,9,6162.0
1106_0,11,6,4764.0
1107_0,6,7,4700.0
1108_0,3,10,9521.0
1109_0,2,8,6560.0
1110_0,1,6,5170.0
1111_0,3,5,4750.0
1112_0,1,12,5070.0
1113_0,3,5,4750.0
1114_0,1,9,10548.0
1115_0,3,5,8510.0
1116_0,10,6,5630.0
1117_0,10,12,7369.0
1118_0,1,4,6364.0
1119_0,12,6,4500.0
1120_0,10,4,8201.0
1121_0,3,4,7350.0
1122_0,1,5,4750.0
1123_0,4,5,11088.0
1124_0,7,8,4870.0
1125_0,10,5,7752.0
1126_0,6,6,7570.0
1127_0,5,11,11340.0
1128_0,6,5,4950.0
1129_0,11,11,11080.0
1130_0,7,9,7500.0
1131_0,2,9,9168.0
1132_0,1,6,5188.0
1133_0,4,9,9169.0
1134_0,15,8,9432.0
1135_0,11,4,5640.0
1136_0,22,5,7116.0
1137_0,6,11,9149.0
1138_0,10,3,6500.0
1139_0,6,7,6216.0
1140_0,5,8,4060.0
1141_0,3,7,6317.0
1142_0,3,6,8911.0
1143_0,4,3,7271.0
1144_0,4,5,6660.0
1145_0,15,4,11543.0
1146_0,3,6,9560.0
1147_0,5,2,8400.0
1148_0,2,6,6994.0
1149_0,5,7,10306.0
1150_0,8,6,4500.0
1151_0,5,5,5510.0
1152_0,2,8,8550.0
1153_0,4,9,6570.0
1154_0,1,4,6953.0
1155_0,6,2,10000.0
1156_0,6,14,7900.0
1157_0,2,12,7380.0
1158_0,12,12,10018.0
1159_0,1,6,5660.0
1160_0,4,8,8958.0
1161_0,1,11,11538.0
1162_0,5,5,6870.0
1163_0,4,9,9310.0
1164_0,5,6,5380.0
1165_0,3,6,8620.0
1166_0,3,4,6715.0
1167_0,16,8,5960.0
1168_0,12,5,7175.0
1169_0,6,11,11010.0
1170_0,9,6,4450.0
1171_0,3,9,10688.0
1172_0,4,3,6960.0
1173_0,5,3,7314.0
1174_0,13,2,6620.0
1175_0,1,11,11480.0
1176_0,9,7,4200.0
1177_0,1,9,6745.0
1178_0,4,3,6140.0
1179_0,3,5,8024.0
1180_0,13,5,6510.0
1181_0,8,8,3120.0
1182_0,7,7,10204.0
1183_0,13,13,8099.0
1184_0,18,6,5981.0
1185_0,4,5,6646.0
1186_0,2,6,5170.0
1187_0,13,3,7118.0
1188_0,10,5,7820.0
1189_0,8,12,8660.0
1190_0,11,4,9598.0
1191_0,6,8,4016.0
1192_0,1,12,6610.0
1193_0,2,15,7212.0
1194_0,7,7,13642.0
1195_0,4,5,4940.0
1196_0,17,3,7860.0
1197_0,4,6,8750.0
1198_0,3,7,10752.0
1199_0,11,6,4932.0
1200_0,3,8,5205.0
1201_0,8,9,5710.0
1202_0,5,8,6430.0
1203_0,3,14,8325.0
1204_0,1,13,6208.0
1205_0,12,6,4131.0
1206_0,5,7,4430.0
1207_0,5,8,8722.0
1208_0,8,10,9993.0
1209_0,5,9,7290.0
1210_0,2,2,12420.0
1211_0,2,10,3826.0
1212_0,2,9,5348.0
1213_0,1,8,4250.0
1214_0,4,7,3720.0
1215_0,6,5,8988.0
1216_0,3,9,9304.0
1217_0,2,7,3714.0
1218_0,6,11,9330.0
1219_0,14,6,9780.0
1220_0,11,7,6260.0
1221_0,14,4,5670.0
1222_0,3,10,7090.0
1223_0,6,4,5310.0
1224_0,11,8,6410.0
1225_0,2,9,5983.0
1226_0,23,7,6030.0
1227_0,1,7,4140.0
1228_0,4,12,6440.0
1229_0,4,10,4750.0
1230_0,3,7,5342.0
1231_0,5,13,8550.0
1232_0,16,8,7346.0
1233_0,1,10,6520.0
1234_0,4,5,7380.0
1235_0,4,9,5692.0
1236_0,11,8,7500.0
1237_0,9,3,6510.0
1238_0,11,7,10460.0
1239_0,6,7,4310.0
1240_0,4,4,6100.0
1241_0,3,13,7710.0
1242_0,4,4,5800.0
1243_0,4,6,7720.0
1244_0,1,8,12900.0
1245_0,1,11,6691.0
1246_0,2,12,10060.0
1247_0,6,7,4610.0
1248_0,2,6,6030.0
1249_0,5,4,5550.0
1250_0,3,6,6860.0
1251_0,4,6,6949.0
1252_0,4,10,11130.0
1253_0,10,6,7000.0
1254_0,4,4,6150.0
1255_0,5,6,11528.0
1256_0,10,7,7520.0
1257_0,4,5,7280.0
1258_0,5,8,7030.0
1259_0,2,7,3410.0
1260_0,1,6,4140.0
1261_0,4,4,7430.0
1262_0,34,8,9390.0
1263_0,9,7,7830.0
1264_0,3,9,7060.0
1265_0,3,12,8683.0
1266_0,5,8,10978.0
1267_0,9,3,6150.0
1268_0,10,5,9760.0
1269_0,2,6,5974.0
1270_0,1,8,5500.0
1271_0,3,10,7890.0
1272_0,17,3,7211.0
1273_0,7,6,4272.0
1274_0,5,7,16410.0
1275_0,4,4,10320.0
1276_0,14,7,4430.0
1277_0,3,8,14501.0
1278_0,18,7,5360.0
1279_0,16,10,13073.0
1280_0,7,12,8870.0
1281_0,5,11,7190.0
1282_0,1,13,7782.0
1283_0,3,4,8505.0
1284_0,4,5,4900.0
1285_0,7,7,4470.0
1286_0,3,3,8302.0
1287_0,7,6,4266.0
1288_0,5,6,7434.0
1289_0,4,3,7170.0
1290_0,5,6,4630.0
1291_0,11,6,8762.0
1292_0,4,8,3920.0
1293_0,7,5,4901.0
1294_0,2,7,6480.0
1295_0,4,11,7760.0
1296_0,2,5,5774.0
1297_0,5,6,7510.0
1298_0,1,8,6360.0
1299_0,6,6,4698.0
1300_0,3,8,9080.0
1301_0,2,7,6910.0
1302_0,5,5,6300.0
1303_0,6,5,4940.0
1304_0,4,3,6080.0
1305_0,2,9,7127.0
1306_0,2,5,5865.0
1307_0,2,9,9290.0
1308_0,4,11,7421.0
1309_0,2,13,9394.0
1310_0,10,5,5660.0
1311_0,7,8,11736.0
1312_0,2,12,4689.0
1313_0,2,5,7224.0
1314_0,5,7,4350.0
1315_0,6,7,4967.0
1316_0,4,3,6870.0
1317_0,10,10,11580.0
1318_0,4,3,6975.0
1319_0,5,6,6230.0
1320_0,4,6,9306.0
1321_0,23,5,9754.0
1322_0,2,12,8530.0
1323_0,7,11,9292.0
1324_0,3,5,5300.0
1325_0,3,4,5444.0
1326_0,4,5,8198.0
1327_0,10,6,7135.0
1328_0,13,7,4120.0
1329_0,3,6,5404.0
1330_0,10,4,9270.0
1331_0,8,6,4812.0
1332_0,4,6,5883.0
1333_0,2,11,8210.0
1334_0,8,5,6920.0
1335_0,5,10,5649.0
1336_0,4,6,4620.0
1337_0,3,8,11270.0
1338_0,1,5,5414.0
1339_0,10,3,6295.0
1340_0,4,4,7820.0
1341_0,22,5,8101.0
1342_0,17,5,7034.0
1343_0,2,6,8495.0
1344_0,21,4,7970.0
1345_0,12,6,11622.0
1346_0,10,3,5961.0
1347_0,2,5,6040.0
1348_0,1,5,8190.0
1349_0,9,7,9518.0
1350_0,4,7,13150.0
1351_0,9,4,5470.0
1352_0,6,3,6010.0
1353_0,13,7,6430.0
1354_0,17,5,7309.0
1355_0,3,9,5700.0
1356_0,1,6,4173.0
1357_0,10,4,5890.0
1358_0,7,6,6764.0
1359_0,9,9,9521.0
1360_0,1,7,5000.0
1361_0,6,9,7270.0
1362_0,10,2,6630.0
1363_0,7,9,4860.0
1364_0,18,4,7910.0
1365_0,1,6,4265.0
1366_0,2,8,14390.0
1367_0,5,10,9140.0
1368_0,14,4,10916.0
1369_0,15,7,4890.0
1370_0,3,5,10622.0
1371_0,2,9,5475.0
1372_0,11,4,5880.0
1373_0,19,7,12080.0
1374_0,2,8,10300.0
1375_0,7,7,7922.0
1376_0,5,9,6360.0
1377_0,6,6,5300.0
1378_0,2,7,5604.0
1379_0,15,12,10636.0
1380_0,1,14,7935.0
1381_0,13,4,5710.0
1382_0,5,13,7340.0
1383_0,3,5,4914.0
1384_0,13,8,5590.0
1385_0,4,9,6980.0
1386_0,12,5,5460.0
1387_0,8,7,3832.0
1388_0,10,6,4010.0
1389_0,27,14,7210.0
1390_0,2,13,7990.0
1391_0,6,5,5750.0
1392_0,3,6,6324.0
1393_0,16,5,8017.0
1394_0,9,8,5061.0
1395_0,4,3,6475.0
1396_0,5,6,5960.0
1397_0,6,2,12480.0
1398_0,2,6,6630.0
1399_0,5,12,5640.0
1400_0,2,13,5908.0
1401_0,5,9,8591.0
1402_0,5,6,4990.0
1403_0,3,12,9245.0
1404_0,3,5,6260.0
1405_0,1,5,5289.0
1406_0,5,8,11010.0
1407_0,7,10,6707.0
1408_0,4,3,7565.0
1409_0,3,8,7000.0
1410_0,3,7,4220.0
1411_0,1,13,7850.0
1412_0,7,3,7430.0
1413_0,3,6,8722.0
1414_0,2,4,5980.0
1415_0,6,10,6976.0
1416_0,4,9,3540.0
1417_0,3,10,8600.0
1418_0,5,9,5687.0
1419_0,5,5,7080.0
1420_0,3,9,11987.0
1421_0,2,4,7380.0
1422_0,16,9,7402.0
1423_0,2,6,4105.0
1424_0,9,9,6722.0
1425_0,8,6,4230.0
1426_0,3,9,9260.0
1427_0,2,6,8390.0
1428_0,5,10,4760.0
1429_0,4,7,11010.0
1430_0,6,12,7826.0
1431_0,15,6,4970.0
1432_0,3,4,5851.0
1433_0,6,11,7153.0
1434_0,10,4,10628.0
1435_0,2,4,7890.0
1436_0,10,7,7153.0
1437_0,10,3,6240.0
1438_0,7,9,9127.0
1439_0,3,8,4310.0
1440_0,4,7,5200.0
1441_0,6,5,6200.0
1442_0,3,8,4800.0
1443_0,4,3,6040.0
1444_0,6,4,5430.0
1445_0,3,9,13565.0
1446_0,1,10,9746.0
1447_0,10,6,7015.0
1448_0,4,5,8018.0
1449_0,3,10,7233.0
1450_0,4,3,6060.0
1451_0,8,9,11527.0
1452_0,10,9,6220.0
1453_0,1,6,7300.0
1454_0,1,8,4110.0
1455_0,3,4,5990.0
1456_0,9,7,5138.0
1457_0,11,7,8050.0
1458_0,1,15,5250.0
1459_0,6,9,6549.0
1460_0,3,5,10590.0
1461_0,8,4,7306.0
1462_0,4,9,13730.0
1463_0,4,2,10000.0
1464_0,3,7,9680.0
1465_0,6,4,6220.0
1466_0,7,9,5234.0
1467_0,6,7,3891.0
1468_0,11,7,5509.0
1469_0,2,9,7974.0
1470_0,5,8,10980.0
1471_0,22,7,8664.0
1472_0,2,10,9710.0
1473_0,19,8,10051.0
1474_0,5,4,6948.0
1475_0,5,8,7980.0
1476_0,18,9,4340.0
1477_0,2,5,6360.0
1478_0,2,7,3699.0
1479_0,5,7,9480.0
1480_0,17,2,8030.0
1481_0,1,9,5764.0
1482_0,9,6,5510.0
1483_0,2,7,5310.0
1484_0,9,9,5780.0
1485_0,14,4,6060.0
1486_0,5,6,5236.0
1487_0,3,12,7530.0
1488_0,8,4,6720.0
1489_0,4,5,6920.0
1490_0,7,3,6940.0
1491_0,1,10,7436.0
1492_0,3,5,5753.0
1493_0,3,11,6947.0
1494_0,7,10,8970.0
1495_0,1,8,4140.0
1496_0,5,8,7479.0
1497_0,18,4,6110.0
1498_0,2,10,6816.0
1499_0,20,11,8300.0
1500_0,1,5,6430.0
1501_0,1,6,10783.0
1502_0,5,9,6850.0
1503_0,2,7,3821.0
1504_0,2,10,7365.0
1505_0,17,6,9477.0
1506_0,3,13,8417.0
1507_0,13,9,7104.0
1508_0,10,5,9640.0
1509_0,11,6,5040.0
1510_0,2,6,8390.0
1511_0,1,11,8221.0
1512_0,3,14,7649.0
1513_0,2,7,3984.0
1514_0,4,13,6838.0
1515_0,4,5,8940.0
1516_0,6,11,8991.0
1517_0,2,7,3684.0
1518_0,4,4,5720.0
1519_0,1,9,5950.0
1520_0,4,10,5990.0
1521_0,18,4,7640.0
1522_0,15,7,8011.0
1523_0,6,4,7310.0
1524_0,28,5,7610.0
1525_0,8,10,10550.0
1526_0,2,5,6370.0
1527_0,6,9,7320.0
1528_0,2,11,12020.0
1529_0,3,2,7150.0
1530_0,11,5,6420.0
1531_0,16,8,7540.0
1532_0,4,6,5717.0
1533_0,10,8,11314.0
1534_0,7,2,7364.0
1535_0,2,8,5110.0
1536_0,3,11,5360.0
1537_0,1,11,2860.0
1538_0,24,3,8330.0
1539_0,23,8,7840.0
1540_0,12,5,5385.0
1541_0,23,9,9173.0
1542_0,8,5,5426.0
1543_0,3,8,11990.0
1544_0,3,6,7949.0
1545_0,10,6,5394.0
1546_0,2,9,5400.0
1547_0,10,4,5449.0
1548_0,10,5,6940.0
1549_0,7,7,5618.0
1550_0,2,6,4370.0
1551_0,4,6,4330.0
1552_0,10,9,8143.0
1553_0,7,7,5347.0
1554_0,3,11,10900.0
1555_0,4,5,5460.0
1556_0,4,5,6103.0
1557_0,1,9,3460.0
1558_0,6,6,5990.0
1559_0,7,4,6191.0
1560_0,2,7,4870.0
1561_0,4,6,4210.0
1562_0,2,10,4360.0
1563_0,6,12,3340.0
1564_0,3,7,5338.0
1565_0,4,6,4790.0
1566_0,27,8,9940.0
1567_0,8,5,5100.0
1568_0,6,8,5523.0
1569_0,5,4,8200.0
1570_0,4,4,7721.0
1571_0,6,10,13644.0
1572_0,20,6,8890.0
1573_0,4,8,5470.0
1574_0,3,9,7914.0
1575_0,2,8,7220.0
1576_0,2,7,6170.0
1577_0,14,9,6780.0
1578_0,11,9,3170.0
1579_0,22,16,5920.0
1580_0,13,7,9980.0
1581_0,6,7,15800.0
1582_0,2,5,5050.0
1583_0,1,8,4770.0
1584_0,5,8,5768.0
1585_0,3,4,6620.0
1586_0,4,14,7298.0
1587_0,6,7,12832.0
1588_0,9,9,7910.0
1589_0,12,8,8510.0
1590_0,7,4,5580.0
1591_0,3,6,11170.0
1592_0,4,7,7510.0
1593_0,2,12,5380.0
1594_0,7,12,6594.0
1595_0,13,7,3370.0
1596_0,7,7,3888.0
1597_0,21,6,6949.0
1598_0,13,4,5943.0
1599_0,2,13,8216.0
1600_0,2,9,8278.0
1601_0,7,8,4308.0
1602_0,2,11,9780.0
1603_0,11,2,6640.0
1604_0,6,7,7076.0
1605_0,26,5,8119.0
1606_0,3,4,9170.0
1607_0,3,8,4876.0
1608_0,5,6,4860.0
1609_0,5,5,10215.0
1610_0,2,6,7997.0
1611_0,9,8,5160.0
1612_0,4,6,4998.0
1613_0,3,8,5410.0
1614_0,2,7,7690.0
1615_0,16,8,8707.0
1616_0,4,8,8399.0
1617_0,3,11,7430.0
1618_0,3,10,4440.0
1619_0,7,7,9223.0
1620_0,3,13,6310.0
1621_0,2,7,11198.0
1622_0,4,10,4957.0
1623_0,5,6,10490.0
1624_0,3,8,9108.0
1625_0,7,9,9330.0
1626_0,6,7,3390.0
1627_0,13,6,4687.0
1628_0,2,13,8630.0
1629_0,6,5,6840.0
1630_0,2,7,4462.0
1631_0,15,9,7052.0
1632_0,9,9,12497.0
1633_0,17,7,5940.0
1634_0,5,8,14660.0
1635_0,3,5,6510.0
1636_0,1,11,10373.0
1637_0,12,3,7820.0
1638_0,1,11,6160.0
1639_0,10,6,4350.0
1640_0,1,8,6230.0
1641_0,2,4,8368.0
1642_0,14,6,7980.0
1643_0,2,2,9148.0
1644_0,10,5,5046.0
1645_0,2,4,6692.0
1646_0,2,12,7520.0
1647_0,16,7,11900.0
1648_0,3,8,7470.0
1649_0,6,9,7820.0
1650_0,8,6,7430.0
1651_0,1,4,7380.0
1652_0,3,6,7870.0
1653_0,5,7,6550.0
1654_0,16,7,5580.0
1655_0,20,5,6027.0
1656_0,3,11,10811.0
1657_0,4,10,6980.0
1658_0,10,13,8590.0
1659_0,3,9,4860.0
1660_0,10,4,8630.0
1661_0,1,7,9529.0
1662_0,4,7,3820.0
1663_0,1,8,4150.0
1664_0,1,9,7264.0
1665_0,2,10,9203.0
1666_0,8,8,6484.0
1667_0,5,8,7400.0
1668_0,7,7,7169.0
1669_0,13,6,5970.0
1670_0,10,10,9371.0
1671_0,1,7,7270.0
1672_0,7,6,7400.0
1673_0,6,7,4290.0
1674_0,21,3,9950.0
1675_0,1,12,5920.0
1676_0,4,7,3280.0
1677_0,9,6,9779.0
1678_0,5,7,5730.0
1679_0,11,4,5860.0
1680_0,3,6,4920.0
1681_0,17,4,6350.0
1682_0,4,9,6496.0
1683_0,3,8,8980.0
1684_0,3,7,7276.0
1685_0,4,5,6250.0
1686_0,6,8,2895.0
1687_0,7,6,4370.0
1688_0,15,3,7270.0
1689_0,3,6,6320.0
1690_0,6,3,6600.0
1691_0,6,6,14474.0
1692_0,2,11,7100.0
1693_0,7,6,5930.0
1694_0,3,4,9520.0
1695_0,2,13,9740.0
1696_0,3,5,9730.0
1697_0,10,5,4990.0
1698_0,4,7,4089.0
1699_0,1,8,6030.0
1700_0,5,11,12201.0
1701_0,5,8,5360.0
1702_0,6,6,4770.0
1703_0,5,8,8536.0
1704_0,3,5,10243.0
1705_0,1,11,8990.0
1706_0,2,8,9080.0
1707_0,2,12,6000.0
1708_0,2,7,4710.0
1709_0,17,4,6679.0
1710_0,8,11,7770.0
1711_0,18,3,7100.0
1712_0,3,9,11390.0
1713_0,11,7,5760.0
1714_0,2,7,4954.0
1715_0,1,6,8800.0
1716_0,2,13,3584.0
1717_0,7,4,7120.0
1718_0,8,6,9250.0
1719_0,6,8,5370.0
1720_0,8,6,7640.0
1721_0,5,6,5287.0
1722_0,7,3,8600.0
1723_0,14,6,13360.0
1724_0,3,3,6257.0
1725_0,4,13,8050.0
1726_0,10,6,3939.0
1727_0,6,8,9174.0
1728_0,10,6,8233.0
1729_0,3,7,4300.0
1730_0,3,7,3640.0
1731_0,9,11,6841.0
1732_0,11,4,7230.0
1733_0,6,9,5288.0
1734_0,3,9,4760.0
1735_0,5,4,5720.0
1736_0,2,6,4430.0
1737_0,7,11,7520.0
1738_0,3,6,6100.0
1739_0,1,12,4310.0
1740_0,2,8,7702.0
1741_0,10,3,7730.0
1742_0,2,8,5687.0
1743_0,29,6,7405.0
1744_0,3,3,6150.0
1745_0,3,14,6170.0
1746_0,10,4,6359.0
1747_0,11,8,10606.0
1748_0,3,7,11220.0
1749_0,12,7,5750.0
1750_0,4,7,7420.0
1751_0,1,9,8112.0
1752_0,13,7,5100.0
1753_0,5,8,3960.0
1754_0,10,8,11780.0
1755_0,4,4,7033.0
1756_0,12,12,6942.0
1757_0,1,8,6236.0
1758_0,6,4,12882.0
1759_0,2,10,4990.0
1760_0,10,2,10613.0
1761_0,3,7,9179.0
1762_0,4,8,6130.0
1763_0,5,7,6250.0
1764_0,3,10,13110.0
1765_0,5,9,6026.0
1766_0,18,3,6990.0
1767_0,12,5,10548.0
1768_0,15,7,6175.0
1769_0,3,7,8130.0
1770_0,7,6,6028.0
1771_0,8,7,3500.0
1772_0,4,4,6441.0
1773_0,4,5,5980.0
1774_0,1,7,4340.0
1775_0,3,8,6019.0
1776_0,3,5,6590.0
1777_0,2,6,6340.0
1778_0,14,5,11173.0
1779_0,6,7,6742.0
1780_0,12,11,7576.0
1781_0,5,12,10171.0
1782_0,4,5,4850.0
1783_0,3,3,8807.0
1784_0,5,9,7460.0
1785_0,2,6,11880.0
1786_0,3,7,9920.0
1787_0,12,6,17121.0
1788_0,27,7,10161.0
1789_0,19,5,6348.0
1790_0,8,8,7460.0
1791_0,5,6,6420.0
1792_0,6,6,5470.0
1793_0,7,5,5320.0
1794_0,3,5,6320.0
1795_0,7,4,8070.0
1796_0,8,7,3368.0
1797_0,5,11,6610.0
1798_0,2,6,4268.0
1799_0,1,6,9540.0
1800_0,1,7,7690.0
1801_0,1,13,7500.0
1802_0,12,5,5080.0
1803_0,3,7,4450.0
1804_0,1,7,3820.0
1805_0,1,8,9600.0
1806_0,7,8,6620.0
1807_0,23,5,7640.0
1808_0,14,9,4820.0
1809_0,1,7,6409.0
1810_0,3,7,8116.0
1811_0,12,9,9270.0
1812_0,9,10,7885.0
1813_0,5,4,5402.0
1814_0,6,6,9211.0
1815_0,25,4,8460.0
1816_0,6,5,9760.0
1817_0,11,4,10762.0
1818_0,5,6,9671.0
1819_0,3,9,4370.0
1820_0,2,12,8970.0
1821_0,5,6,4961.0
1822_0,2,8,4350.0
1823_0,15,5,6255.0
1824_0,5,6,4320.0
1825_0,1,13,9437.0
1826_0,15,3,6420.0
1827_0,5,10,6640.0
1828_0,4,10,6210.0
1829_0,27,7,11390.0
1830_0,14,5,4950.0
1831_0,2,12,10610.0
1832_0,1,7,4470.0
1833_0,2,5,5317.0
1834_0,3,8,6450.0
1835_0,2,3,9425.0
1836_0,6,5,5590.0
1837_0,7,7,6878.0
1838_0,2,13,9060.0
1839_0,2,9,5767.0
1840_0,4,5,4824.0
1841_0,11,5,4941.0
1842_0,3,2,10000.0
1843_0,9,13,7230.0
1844_0,6,11,12089.0
1845_0,8,6,10480.0
1846_0,7,7,13384.0
1847_0,4,9,8932.0
1848_0,1,11,8460.0
1849_0,11,5,9770.0
1850_0,5,12,5270.0
1851_0,3,3,9010.0
1852_0,4,5,12110.0
1853_0,25,12,6300.0
1854_0,8,13,8767.0
1855_0,23,5,9855.0
1856_0,2,9,6552.0
1857_0,2,11,5080.0
1858_0,5,6,5625.0
1859_0,17,3,7753.0
1860_0,10,9,5460.0
1861_0,3,7,3460.0
1862_0,3,7,5729.0
1863_0,3,6,7750.0
1864_0,3,6,5380.0
1865_0,1,4,7078.0
1866_0,7,8,3210.0
1867_0,8,4,6071.0
1868_0,10,5,4700.0
1869_0,10,3,6311.0
1870_0,2,8,6058.0
1871_0,3,10,9220.0
1872_0,5,10,6600.0
1873_0,4,10,9280.0
1874_0,9,8,5890.0
1875_0,3,4,8260.0
1876_0,7,6,7187.0
1877_0,4,9,7890.0
1878_0,1,8,6901.0
1879_0,4,9,11340.0
1880_0,4,3,8587.0
1881_0,4,8,7870.0
1882_0,13,5,12085.0
1883_0,2,8,6913.0
1884_0,12,8,12340.0
1885_0,1,6,4450.0
1886_0,2,10,5839.0
1887_0,9,2,7320.0
1888_0,16,6,5750.0
1889_0,3,7,5830.0
1890_0,6,10,6540.0
1891_0,16,6,6108.0
1892_0,3,11,5731.0
1893_0,7,6,9580.0
1894_0,2,7,4140.0
1895_0,5,6,4807.0
1896_0,2,8,6920.0
1897_0,3,4,8437.0
1898_0,2,5,10690.0
1899_0,2,10,10820.0
1900_0,4,6,6550.0
1901_0,8,5,8290.0
1902_0,5,5,4860.0
1903_0,8,9,9560.0
1904_0,1,10,9710.0
1905_0,2,7,8775.0
1906_0,13,5,5657.0
1907_0,1,7,4712.0
1908_0,32,4,9998.0
1909_0,25,8,7100.0
1910_0,10,11,2520.0
1911_0,17,6,9691.0
1912_0,2,9,5169.0
1913_0,2,5,10090.0
1914_0,11,3,7405.0
1915_0,5,6,5236.0
1916_0,5,6,7245.0
1917_0,3,3,6480.0
1918_0,6,3,9950.0
1919_0,18,8,8429.0
1920_0,3,7,11540.0
1921_0,11,8,7429.0
1922_0,6,8,4330.0
1923_0,10,4,5520.0
1924_0,6,6,4508.0
1925_0,1,7,7734.0
1926_0,21,11,5730.0
1927_0,7,5,6550.0
1928_0,5,4,5360.0
1929_0,5,5,7690.0
1930_0,6,7,9784.0
1931_0,1,6,4970.0
1932_0,23,5,7524.0
1933_0,8,3,12520.0
1934_0,9,4,5850.0
1935_0,10,6,9090.0
1936_0,7,7,5640.0
1937_0,2,12,2890.0
1938_0,3,6,7669.0
1939_0,2,5,7030.0
1940_0,5,7,5275.0
1941_0,4,9,4740.0
1942_0,3,11,4960.0
1943_0,21,5,9560.0
1944_0,2,10,5430.0
1945_0,6,6,8192.0
1946_0,4,3,9247.0
1947_0,10,4,8140.0
1948_0,1,5,5610.0
1949_0,1,12,10770.0
1950_0,6,10,7716.0
1951_0,2,6,4536.0
1952_0,3,5,9352.0
1953_0,2,9,6766.0
1954_0,15,5,7960.0
1955_0,2,4,5400.0
1956_0,9,5,11820.0
1957_0,5,5,5703.0
1958_0,1,7,8860.0
1959_0,21,6,11062.0
1960_0,22,9,7150.0
1961_0,10,6,7860.0
1962_0,1,7,8955.0
1963_0,4,2,6980.0
1964_0,17,5,8210.0
1965_0,2,16,1600.0
1966_0,4,3,7180.0
1967_0,4,4,9356.0
1968_0,6,7,5939.0
1969_0,10,8,6190.0
1970_0,13,5,4781.0
1971_0,2,7,6850.0
1972_0,22,8,11660.0
1973_0,2,9,9020.0
1974_0,3,6,8600.0
1975_0,5,7,8624.0
1976_0,12,9,5360.0
1977_0,5,10,5845.0
1978_0,12,10,6290.0
1979_0,1,9,8122.0
1980_0,10,6,7820.0
1981_0,4,5,5346.0
1982_0,2,7,6570.0
1983_0,12,5,5500.0
1984_0,3,5,10087.0
1985_0,3,5,8880.0
1986_0,4,9,9464.0
1987_0,4,5,7340.0
1988_0,10,7,4430.0
1989_0,2,8,5334.0
1990_0,10,9,4946.0
1991_0,8,10,2000.0
1992_0,3,8,4270.0
1993_0,1,10,5880.0
1994_0,5,9,6800.0
1995_0,8,11,8368.0
1996_0,3,7,4800.0
1997_0,1,8,4770.0
1998_0,3,5,5430.0
1999_0,1,4,9160.0
2000_0,8,7,6840.0
2001_0,4,2,6810.0
2002_0,8,3,11000.0
2003_0,13,4,7800.0
2004_0,4,10,13562.0
2005_0,4,6,4311.0
2006_0,3,4,6594.0
2007_0,5,4,9999.0
2008_0,9,6,5750.0
2009_0,2,6,6400.0
2010_0,29,8,11697.0
2011_0,3,8,5900.0
2012_0,3,12,7834.0
2013_0,6,9,5240.0
2014_0,3,2,6981.0
2015_0,3,4,7160.0
2016_0,5,4,6284.0
2017_0,16,8,8540.0
2018_0,7,7,4600.0
2019_0,2,7,5120.0
2020_0,5,4,8019.0
2021_0,10,3,6430.0
2022_0,4,7,11084.0
2023_0,3,8,11430.0
2024_0,4,5,6580.0
2025_0,7,10,7013.0
2026_0,4,5,6420.0
2027_0,8,4,5802.0
2028_0,2,6,6850.0
2029_0,6,7,6838.0
2030_0,2,5,6053.0
2031_0,4,8,4661.0
2032_0,1,5,6471.0
2033_0,6,6,5450.0
2034_0,4,4,10839.0
2035_0,1,10,9340.0
2036_0,13,4,7480.0
2037_0,15,6,6656.0
2038_0,4,8,5250.0
2039_0,6,7,4750.0
2040_0,3,11,9651.0
2041_0,2,9,8110.0
2042_0,10,6,10172.0
2043_0,5,1,10000.0
2044_0,7,6,10539.0
2045_0,10,5,8400.0
2046_0,9,9,4230.0
2047_0,7,7,5732.0
2048_0,8,3,7060.0
2049_0,5,6,6615.0
2050_0,2,13,9680.0
2051_0,11,4,7050.0
2052_0,20,6,11270.0
2053_0,2,9,6940.0
2054_0,6,3,7440.0
2055_0,8,9,6400.0
2056_0,10,9,10697.0
2057_0,13,4,5310.0
2058_0,11,6,5120.0
2059_0,1,6,4700.0
2060_0,3,7,9460.0
2061_0,2,15,6660.0
2062_0,3,7,12876.0
2063_0,5,6,7314.0
2064_0,13,4,5510.0
2065_0,8,12,9570.0
2066_0,2,6,9310.0
2067_0,2,5,10548.0
2068_0,8,9,3210.0
2069_0,7,6,9659.0
2070_0,10,6,17506.0
2071_0,3,3,6780.0
2072_0,2,10,11570.0
2073_0,2,10,9055.0
2074_0,3,7,4330.0
2075_0,3,7,12350.0
2076_0,15,8,9214.0
2077_0,9,6,8796.0
2078_0,1,7,10570.0
2079_0,15,10,5920.0
2080_0,4,7,4980.0
2081_0,2,5,7650.0
2082_0,6,6,4000.0
2083_0,10,3,6050.0
2084_0,18,9,6898.0
2085_0,1,4,5800.0
2086_0,6,8,4790.0
2087_0,3,4,5450.0
2088_0,3,4,6940.0
2089_0,8,2,7390.0
2090_0,3,4,6070.0
2091_0,12,7,4950.0
2092_0,5,7,8387.0
2093_0,1,8,4736.0
2094_0,2,9,7832.0
2095_0,24,15,6196.0
2096_0,4,6,4940.0
2097_0,7,7,5000.0
2098_0,8,6,5043.0
2099_0,10,5,9261.0
2100_0,13,4,7780.0
2101_0,8,4,5435.0
2102_0,26,5,8410.0
2103_0,4,12,6112.0
2104_0,32,9,8337.0
2105_0,11,5,5340.0
2106_0,11,3,6397.0
2107_0,3,4,5860.0
2108_0,1,3,10190.0
2109_0,10,9,7630.0
2110_0,6,7,5578.0
2111_0,4,4,5615.0
2112_0,3,3,8629.0
2113_0,11,4,5961.0
2114_0,17,4,7562.0
2115_0,11,13,9350.0
2116_0,5,7,9100.0
2117_0,5,9,7431.0
2118_0,2,8,6486.0
2119_0,1,12,7960.0
2120_0,6,8,9890.0
2121_0,2,10,6522.0
2122_0,13,7,7520.0
2123_0,1,9,12540.0
2124_0,3,8,6725.0
2125_0,11,5,6075.0
2126_0,8,5,10260.0
2127_0,9,9,6871.0
2128_0,6,3,6135.0
2129_0,3,10,7380.0
2130_0,3,4,6186.0
2131_0,10,4,8110.0
2132_0,10,10,10570.0
2133_0,4,3,6490.0
2134_0,2,10,6508.0
2135_0,5,9,9198.0
2136_0,7,5,6748.0
2137_0,9,3,7745.0
2138_0,5,6,6570.0
2139_0,7,4,8530.0
2140_0,13,7,4790.0
2141_0,27,8,9750.0
2142_0,3,7,11100.0
2143_0,8,13,7292.0
2144_0,6,8,6450.0
2145_0,22,9,4490.0
2146_0,5,5,5460.0
2147_0,4,7,6629.0
2148_0,3,3,6590.0
2149_0,3,8,7180.0
2150_0,10,9,9728.0
2151_0,8,15,5980.0
2152_0,7,2,7810.0
2153_0,2,6,6194.0
2154_0,18,6,9434.0
2155_0,5,9,7052.0
2156_0,4,6,7820.0
2157_0,4,9,12045.0
2158_0,3,8,5310.0
2159_0,4,6,10460.0
2160_0,5,7,12958.0
2161_0,3,7,8642.0
2162_0,11,7,4200.0
2163_0,2,7,6230.0
2164_0,3,7,4680.0
2165_0,4,4,6130.0
2166_0,10,7,9810.0
2167_0,5,9,12616.0
2168_0,5,12,9582.0
2169_0,4,3,6280.0
2170_0,7,3,6920.0
2171_0,8,7,7550.0
2172_0,10,5,9238.0
2173_0,8,10,10099.0
2174_0,2,7,11110.0
2175_0,3,6,13438.0
2176_0,24,4,9900.0
2177_0,2,8,6482.0
2178_0,8,12,5120.0
2179_0,8,10,6610.0
2180_0,9,5,5755.0
2181_0,1,12,8227.0
2182_0,5,7,10676.0
2183_0,11,7,3390.0
2184_0,2,5,5270.0
2185_0,12,4,6220.0
2186_0,8,6,7906.0
2187_0,3,4,9691.0
2188_0,8,5,12846.0
2189_0,10,6,9420.0
2190_0,5,4,5560.0
2191_0,24,7,11343.0
2192_0,6,11,6000.0
2193_0,9,9,6090.0
2194_0,13,7,4850.0
2195_0,2,8,7165.0
2196_0,7,9,6780.0
2197_0,17,7,5720.0
2198_0,13,3,7390.0
2199_0,5,6,8720.0
2200_0,3,6,8611.0
2201_0,3,6,4977.0
2202_0,4,4,5940.0
2203_0,14,4,8543.0
2204_0,3,6,8770.0
2205_0,4,9,7583.0
2206_0,1,12,9714.0
2207_0,4,8,6440.0
2208_0,17,3,7600.0
2209_0,4,6,7314.0
2210_0,4,6,5084.0
2211_0,3,14,8380.0
2212_0,5,4,6680.0
2213_0,9,13,3770.0
2214_0,4,6,6408.0
2215_0,6,8,12321.0
2216_0,10,9,14620.0
2217_0,10,9,10929.0
2218_0,5,4,6080.0
2219_0,11,9,8550.0
2220_0,17,6,5090.0
2221_0,3,5,10010.0
2222_0,5,8,6207.0
2223_0,5,9,10211.0
2224_0,1,6,5671.0
2225_0,13,5,5472.0
2226_0,6,8,4990.0
2227_0,9,10,5750.0
2228_0,4,9,7988.0
2229_0,4,10,9470.0
2230_0,1,6,4665.0
2231_0,2,3,6050.0
2232_0,1,7,5571.0
2233_0,12,5,7400.0
2234_0,4,10,5930.0
2235_0,6,11,6770.0
2236_0,15,11,10872.0
2237_0,1,10,5460.0
2238_0,9,4,6647.0
2239_0,4,6,5687.0
2240_0,3,6,5561.0
2241_0,3,5,5520.0
2242_0,7,7,5420.0
2243_0,6,5,6948.0
2244_0,3,7,5460.0
2245_0,17,3,7711.0
2246_0,1,8,6101.0
2247_0,7,5,6107.0
2248_0,21,6,6260.0
2249_0,2,12,8960.0
2250_0,4,6,14400.0
2251_0,10,6,8430.0
2252_0,5,5,6230.0
2253_0,10,7,12158.0
2254_0,6,2,7150.0
2255_0,2,6,9476.0
2256_0,6,9,6543.0
2257_0,6,8,4100.0
2258_0,8,6,5850.0
2259_0,5,7,5080.0
2260_0,10,9,13482.0
2261_0,6,7,4850.0
2262_0,6,6,4731.0
2263_0,19,3,8100.0
2264_0,15,3,7046.0
2265_0,5,6,4740.0
2266_0,1,9,7900.0
2267_0,14,6,6200.0
2268_0,10,4,8090.0
2269_0,7,10,7620.0
2270_0,6,9,8392.0
2271_0,18,5,6121.0
2272_0,4,5,9630.0
2273_0,2,10,5940.0
2274_0,2,11,8690.0
2275_0,4,6,4088.0
2276_0,5,9,6690.0
2277_0,3,6,6096.0
2278_0,4,6,9220.0
2279_0,13,7,6260.0
2280_0,2,13,7902.0
2281_0,11,7,8160.0
2282_0,3,6,5754.0
2283_0,2,7,6070.0
2284_0,6,6,7820.0
2285_0,15,8,7030.0
2286_0,18,8,9192.0
2287_0,11,4,5500.0
2288_0,7,8,9018.0
2289_0,6,6,7770.0
2290_0,4,13,7320.0
2291_0,10,3,7690.0
2292_0,9,5,9136.0
2293_0,14,6,7480.0
2294_0,9,10,5120.0
2295_0,6,10,8150.0
2296_0,4,2,9040.0
2297_0,3,8,3788.0
2298_0,8,8,6270.0
2299_0,4,3,7435.0
2300_0,5,12,10723.0
2301_0,1,15,6970.0
2302_0,10,3,10412.0
2303_0,5,4,5580.0
2304_0,2,13,7360.0
2305_0,3,5,11700.0
2306_0,3,6,6890.0
2307_0,10,3,7403.0
2308_0,1,8,3270.0
2309_0,1,7,5385.0
2310_0,3,6,6950.0
2311_0,19,6,10656.0
2312_0,1,5,5370.0
2313_0,4,6,12390.0
2314_0,17,6,5490.0
2315_0,2,18,2810.0
2316_0,3,7,5220.0
2317_0,24,9,4050.0
2318_0,4,5,7463.0
2319_0,12,13,6650.0
2320_0,2,6,8248.0
2321_0,5,7,4589.0
2322_0,1,9,8911.0
2323_0,10,3,7170.0
2324_0,11,3,8490.0
2325_0,24,6,9130.0
2326_0,2,5,6370.0
2327_0,4,6,11240.0
2328_0,9,9,8610.0
2329_0,4,12,9940.0
2330_0,3,6,9150.0
2331_0,1,7,5867.0
2332_0,9,10,6009.0
2333_0,4,5,7531.0
2334_0,3,10,7070.0
2335_0,3,11,6245.0
2336_0,2,5,6120.0
2337_0,17,4,6720.0
2338_0,2,8,8000.0
2339_0,4,7,6910.0
2340_0,16,7,6580.0
2341_0,1,6,5746.0
2342_0,2,7,4550.0
2343_0,4,8,7414.0
2344_0,2,8,5940.0
2345_0,13,8,5220.0
2346_0,1,12,10243.0
2347_0,2,8,5430.0
2348_0,2,5,9916.0
2349_0,2,10,4010.0
2350_0,10,14,4960.0
2351_0,3,6,4540.0
2352_0,18,7,8990.0
2353_0,1,13,8910.0
2354_0,11,4,9821.0
2355_0,2,6,7097.0
2356_0,15,4,5930.0
2357_0,10,6,4537.0
2358_0,6,8,2710.0
2359_0,5,9,7790.0
2360_0,4,10,9700.0
2361_0,12,11,8080.0
2362_0,1,12,8573.0
2363_0,16,8,9936.0
2364_0,2,4,8860.0
2365_0,2,7,12000.0
2366_0,2,10,5000.0
2367_0,4,10,5470.0
2368_0,1,6,7835.0
2369_0,17,6,11710.0
2370_0,5,9,8586.0
2371_0,26,11,9983.0
2372_0,13,5,5242.0
2373_0,1,9,4130.0
2374_0,3,4,9420.0
2375_0,5,10,5694.0
2376_0,4,7,5505.0
2377_0,9,8,12349.0
2378_0,17,2,7670.0
2379_0,4,6,4330.0
2380_0,1,11,6689.0
2381_0,1,4,6315.0
2382_0,18,2,9270.0
2383_0,4,9,4150.0
2384_0,17,5,6329.0
2385_0,9,6,11409.0
2386_0,2,6,6400.0
2387_0,8,6,4500.0
2388_0,3,12,5960.0
2389_0,18,5,9550.0
2390_0,3,10,10550.0
2391_0,4,7,9400.0
2392_0,6,5,5159.0
2393_0,7,6,6884.0
2394_0,2,13,7371.0
2395_0,2,6,5480.0
2396_0,10,4,6561.0
2397_0,13,10,5200.0
2398_0,3,5,6710.0
2399_0,5,5,6128.0
2400_0,4,14,4209.0
2401_0,10,7,10877.0
2402_0,10,5,4920.0
2403_0,1,8,6274.0
2404_0,12,5,7820.0
2405_0,3,6,6008.0
2406_0,21,8,8100.0
2407_0,3,8,12245.0
2408_0,3,5,5346.0
2409_0,10,5,6953.0
2410_0,10,5,7948.0
2411_0,17,9,5517.0
2412_0,2,8,4511.0
2413_0,3,5,10157.0
2414_0,12,6,6462.0
2415_0,1,13,6708.0
2416_0,11,2,7250.0
2417_0,8,4,11555.0
2418_0,10,4,5305.0
2419_0,13,8,5909.0
2420_0,2,5,5561.0
2421_0,17,5,6568.0
2422_0,5,5,7420.0
2423_0,2,12,5600.0
2424_0,12,6,7942.0
2425_0,1,15,7150.0
2426_0,10,8,10617.0
2427_0,3,6,5890.0
2428_0,8,8,9907.0
2429_0,5,11,9340.0
2430_0,3,9,8160.0
2431_0,16,5,5561.0
2432_0,7,5,4920.0
2433_0,12,7,5730.0
2434_0,6,3,5968.0
2435_0,15,7,4100.0
2436_0,2,9,6866.0
2437_0,5,5,8960.0
2438_0,2,6,4080.0
2439_0,12,9,7780.0
2440_0,16,6,9410.0
2441_0,1,9,6223.0
2442_0,5,8,8550.0
2443_0,2,10,6200.0
2444_0,9,5,15320.0
2445_0,5,9,6845.0
2446_0,6,4,8680.0
2447_0,2,5,6860.0
2448_0,5,3,6060.0
2449_0,9,9,5210.0
2450_0,7,13,3370.0
2451_0,3,10,4430.0
2452_0,10,9,7417.0
2453_0,10,4,5724.0
2454_0,2,13,6562.0
2455_0,26,11,10370.0
2456_0,7,12,6360.0
2457_0,12,13,8392.0
2458_0,8,4,7160.0
2459_0,3,5,9050.0
2460_0,2,6,9509.0
2461_0,2,7,4636.0
2462_0,9,11,9929.0
2463_0,2,11,8140.0
2464_0,2,9,10088.0
2465_0,5,5,7010.0
2466_0,11,4,5358.0
2467_0,5,4,5810.0
2468_0,4,5,5543.0
2469_0,4,6,4240.0
2470_0,1,14,7360.0
2471_0,15,5,8763.0
2472_0,6,10,10180.0
2473_0,1,13,6290.0
2474_0,3,8,6209.0
2475_0,5,8,6051.0
2476_0,6,6,5480.0
2477_0,2,15,5006.0
2478_0,7,7,5280.0
2479_0,3,9,6299.0
2480_0,16,7,4070.0
2481_0,6,5,5354.0
2482_0,11,8,4560.0
2483_0,10,7,9790.0
2484_0,17,5,6609.0
2485_0,18,4,8282.0
2486_0,18,4,9920.0
2487_0,12,8,3380.0
2488_0,11,8,2906.0
2489_0,10,12,7130.0
2490_0,2,7,5386.0
2491_0,17,6,9290.0
2492_0,10,7,7280.0
2493_0,3,3,8036.0
2494_0,11,4,5886.0
2495_0,2,5,5768.0
2496_0,7,4,5320.0
2497_0,6,8,12298.0
2498_0,2,7,6260.0
2499_0,9,3,8567.0
2500_0,3,11,6275.0
2501_0,3,10,7530.0
2502_0,9,7,4870.0
2503_0,3,6,7653.0
2504_0,4,4,7210.0
2505_0,3,11,7850.0
2506_0,4,5,7210.0
2507_0,7,5,6336.0
2508_0,4,12,8382.0
2509_0,5,11,6200.0
2510_0,3,6,8970.0
2511_0,5,6,10110.0
2512_0,4,6,9340.0
2513_0,1,9,6390.0
2514_0,5,5,7790.0
2515_0,7,3,6610.0
2516_0,6,9,5870.0
2517_0,2,10,6550.0
2518_0,4,5,5490.0
2519_0,9,6,4370.0
2520_0,7,5,10040.0
2521_0,4,9,10910.0
2522_0,3,8,8830.0
2523_0,9,8,7254.0
2524_0,6,7,4470.0
2525_0,3,11,7900.0
2526_0,7,5,5370.0
2527_0,22,6,6852.0
2528_0,24,4,7660.0
2529_0,1,12,8922.0
2530_0,2,8,5180.0
2531_0,3,6,14310.0
2532_0,12,5,9430.0
2533_0,1,9,11520.0
2534_0,10,5,5381.0
2535_0,1,9,4930.0
2536_0,1,9,6250.0
2537_0,22,7,7096.0
2538_0,6,10,10560.0
2539_0,5,7,4646.0
2540_0,1,7,7160.0
2541_0,4,6,8130.0
2542_0,5,10,4090.0
2543_0,3,10,8795.0
2544_0,4,11,12200.0
2545_0,1,7,6690.0
2546_0,11,5,6840.0
2547_0,3,8,11734.0
2548_0,3,3,7172.0
2549_0,7,7,3860.0
2550_0,2,8,3356.0
2551_0,3,3,8390.0
2552_0,6,5,7780.0
2553_0,20,5,5920.0
2554_0,3,6,8071.0
2555_0,2,5,8040.0
2556_0,13,5,8240.0
2557_0,7,7,4588.0
2558_0,14,10,6750.0
2559_0,2,7,5320.0
2560_0,1,8,5750.0
2561_0,3,3,7360.0
2562_0,3,6,4640.0
2563_0,3,5,8830.0
2564_0,8,3,6180.0
2565_0,17,9,7213.0
2566_0,21,9,8500.0
2567_0,9,8,7425.0
2568_0,3,3,7060.0
2569_0,11,5,6691.0
2570_0,3,3,6068.0
2571_0,10,4,7482.0
2572_0,4,7,4476.0
2573_0,3,6,4050.0
2574_0,6,4,6319.0
2575_0,2,8,4460.0
2576_0,11,9,5120.0
2577_0,3,4,5940.0
2578_0,3,9,6876.0
2579_0,4,6,6640.0
2580_0,3,5,7120.0
2581_0,4,11,3850.0
2582_0,1,4,7940.0
2583_0,21,6,7090.0
2584_0,10,7,5260.0
2585_0,10,5,8790.0
2586_0,1,5,6849.0
2587_0,11,7,3723.0
2588_0,7,8,11410.0
2589_0,4,8,11580.0
2590_0,2,15,6320.0
2591_0,4,7,10309.0
2592_0,7,5,12294.0
2593_0,3,6,9870.0
2594_0,13,4,8230.0
2595_0,3,7,5810.0
2596_0,6,6,4830.0
2597_0,13,8,9690.0
2598_0,3,7,3530.0
2599_0,4,5,6280.0
2600_0,2,8,5540.0
2601_0,2,6,15150.0
2602_0,6,7,5140.0
2603_0,2,7,4920.0
2604_0,2,8,6103.0
2605_0,7,5,5110.0
2606_0,5,6,16280.0
2607_0,1,9,6989.0
2608_0,2,11,8290.0
2609_0,7,5,6570.0
2610_0,3,6,6779.0
2611_0,3,3,6760.0
2612_0,5,5,5550.0
2613_0,4,6,8300.0
2614_0,2,10,6010.0
2615_0,4,4,6160.0
2616_0,4,3,6008.0
2617_0,18,5,6220.0
2618_0,13,3,9560.0
2619_0,20,9,4600.0
2620_0,3,12,4140.0
2621_0,10,3,6150.0
2622_0,9,3,5960.0
2623_0,6,5,6690.0
2624_0,7,6,5340.0
2625_0,11,10,5330.0
2626_0,7,8,6138.0
2627_0,3,5,5348.0
2628_0,4,5,7225.0
2629_0,5,8,10040.0
2630_0,4,5,7490.0
2631_0,12,7,6050.0
2632_0,6,4,5890.0
2633_0,5,7,3870.0
2634_0,4,14,5645.0
2635_0,2,10,5210.0
2636_0,1,5,7790.0
2637_0,12,7,9219.0
2638_0,4,6,4190.0
2639_0,12,10,7440.0
2640_0,26,2,12634.0
2641_0,2,5,9841.0
2642_0,4,9,3912.0
2643_0,8,5,4685.0
2644_0,1,10,8340.0
2645_0,8,4,7394.0
2646_0,5,10,5350.0
2647_0,2,10,7887.0
2648_0,3,2,7486.0
2649_0,3,7,6572.0
2650_0,9,6,7070.0
2651_0,11,5,9554.0
2652_0,5,7,8173.0
2653_0,2,6,4910.0
2654_0,5,8,6510.0
2655_0,2,7,4740.0
2656_0,1,10,6040.0
2657_0,2,7,9088.0
2658_0,4,9,9760.0
2659_0,18,3,7374.0
2660_0,2,6,4060.0
2661_0,11,5,5050.0
2662_0,7,8,6029.0
2663_0,1,5,4940.0
2664_0,24,6,6960.0
2665_0,10,3,7670.0
2666_0,9,6,6020.0
2667_0,2,8,6729.0
2668_0,3,10,4391.0
2669_0,2,9,12753.0
2670_0,1,7,4505.0
2671_0,12,10,8830.0
2672_0,10,11,10330.0
2673_0,6,11,7372.0
2674_0,5,5,4640.0
2675_0,4,9,3220.0
2676_0,2,4,7200.0
2677_0,9,7,5041.0
2678_0,2,8,6080.0
2679_0,4,4,6746.0
2680_0,7,3,8210.0
2681_0,5,9,5920.0
2682_0,2,10,13376.0
2683_0,10,6,4910.0
2684_0,11,7,10030.0
2685_0,5,10,9330.0
2686_0,4,11,6930.0
2687_0,13,9,14810.0
2688_0,5,6,5600.0
2689_0,10,5,4890.0
2690_0,12,5,5763.0
2691_0,5,4,6390.0
2692_0,5,11,10446.0
2693_0,13,9,7088.0
2694_0,9,9,9840.0
2695_0,4,9,3200.0
2696_0,8,5,7310.0
2697_0,6,6,8819.0
2698_0,6,8,8830.0
2699_0,2,13,4260.0
2700_0,14,6,4058.0
2701_0,4,8,4890.0
2702_0,1,5,5171.0
2703_0,7,6,4300.0
2704_0,2,7,4270.0
2705_0,2,7,12220.0
2706_0,12,11,6077.0
2707_0,9,11,6290.0
2708_0,4,13,9750.0
2709_0,3,4,6011.0
2710_0,5,9,4610.0
2711_0,5,8,8590.0
2712_0,12,5,10050.0
2713_0,3,5,6720.0
2714_0,4,8,15585.0
2715_0,11,5,7180.0
2716_0,7,5,6030.0
2717_0,2,5,5631.0
2718_0,4,9,3540.0
2719_0,1,6,6005.0
2720_0,3,4,6700.0
2721_0,2,7,6340.0
2722_0,3,6,7230.0
2723_0,11,5,6084.0
2724_0,15,8,10198.0
2725_0,5,7,4150.0
2726_0,13,5,5670.0
2727_0,17,3,6650.0
2728_0,4,8,5300.0
2729_0,1,10,6740.0
2730_0,23,11,7133.0
2731_0,5,11,9576.0
2732_0,1,4,5410.0
2733_0,4,4,7040.0
2734_0,7,9,5600.0
2735_0,9,6,4950.0
2736_0,2,4,6070.0
2737_0,1,3,9124.0
2738_0,1,7,8770.0
2739_0,3,5,5220.0
2740_0,17,3,8049.0
2741_0,6,9,5000.0
2742_0,8,8,5960.0
2743_0,3,10,7715.0
2744_0,3,7,8237.0
2745_0,11,7,9476.0
2746_0,6,3,6087.0
2747_0,4,6,7120.0
2748_0,7,9,8898.0
2749_0,2,13,7960.0
2750_0,2,8,3510.0
2751_0,5,13,7390.0
2752_0,15,12,10570.0
2753_0,11,4,7708.0
2754_0,3,4,8560.0
2755_0,6,9,8560.0
2756_0,3,8,6400.0
2757_0,3,8,6290.0
2758_0,4,7,10040.0
2759_0,5,5,6340.0
2760_0,2,7,4480.0
2761_0,13,5,4845.0
2762_0,1,8,3430.0
2763_0,6,7,6560.0
2764_0,6,3,6029.0
2765_0,5,6,5400.0
2766_0,4,10,3270.0
2767_0,10,7,9919.0
2768_0,4,6,8293.0
2769_0,8,6,6040.0
2770_0,18,4,6640.0
2771_0,12,4,6022.0
2772_0,15,4,5681.0
2773_0,6,7,8534.0
2774_0,6,1,10000.0
2775_0,5,9,6710.0
2776_0,2,6,4160.0
2777_0,13,7,5080.0
2778_0,4,8,3820.0
2779_0,4,7,8695.0
2780_0,14,8,6218.0
2781_0,3,4,9100.0
2782_0,2,4,5360.0
2783_0,2,8,7260.0
2784_0,4,8,15176.0
2785_0,3,6,7560.0
2786_0,9,3,7830.0
2787_0,4,3,7060.0
2788_0,4,6,8643.0
2789_0,17,3,7580.0
2790_0,6,10,4390.0
2791_0,5,5,6720.0
2792_0,13,5,9750.0
2793_0,1,5,15400.0
2794_0,14,10,8210.0
2795_0,2,12,6250.0
2796_0,2,7,7400.0
2797_0,5,7,4050.0
2798_0,1,12,9856.0
2799_0,6,10,6330.0
2800_0,3,7,7270.0
2801_0,3,12,7790.0
2802_0,6,6,6472.0
2803_0,7,6,4690.0
2804_0,7,7,5547.0
2805_0,5,6,6683.0
2806_0,4,7,5220.0
2807_0,2,5,5290.0
2808_0,15,7,4930.0
2809_0,10,6,8537.0
2810_0,19,8,3830.0
2811_0,1,11,6591.0
2812_0,6,6,10889.0
2813_0,9,4,6250.0
2814_0,8,6,5800.0
2815_0,2,11,11750.0
2816_0,4,7,13417.0
2817_0,1,9,5027.0
2818_0,10,3,6199.0
2819_0,1,11,10480.0
2820_0,2,6,4527.0
2821_0,10,5,8728.0
2822_0,7,6,6458.0
2823_0,2,12,6550.0
2824_0,3,12,6900.0
2825_0,2,9,4670.0
2826_0,11,3,6380.0
2827_0,4,9,6590.0
2828_0,18,9,11390.0
2829_0,7,7,7830.0
2830_0,3,5,7468.0
2831_0,4,6,6360.0
2832_0,3,6,8763.0
2833_0,5,5,9860.0
2834_0,6,6,5000.0
2835_0,4,6,6230.0
2836_0,7,5,5050.0
2837_0,5,10,10840.0
2838_0,4,6,4419.0
2839_0,2,11,8280.0
2840_0,3,6,5981.0
2841_0,2,11,6854.0
2842_0,2,8,4260.0
2843_0,16,6,8070.0
2844_0,2,6,4140.0
2845_0,2,8,6883.0
2846_0,10,5,6599.0
2847_0,12,5,5810.0
2848_0,11,4,6841.0
2849_0,3,6,5734.0
2850_0,2,5,8799.0
2851_0,5,8,11869.0
2852_0,17,3,9842.0
2853_0,11,4,8503.0
2854_0,23,9,8230.0
2855_0,2,6,6420.0
2856_0,2,8,7617.0
2857_0,10,3,6151.0
2858_0,2,6,6880.0
2859_0,14,6,4957.0
2860_0,6,10,6248.0
2861_0,3,9,5680.0
2862_0,2,10,11763.0
2863_0,3,3,7240.0
2864_0,9,7,13460.0
2865_0,1,6,4760.0
2866_0,5,7,4736.0
2867_0,2,8,5557.0
2868_0,3,10,7340.0
2869_0,10,7,6110.0
2870_0,5,8,5553.0
2871_0,5,6,7277.0
2872_0,4,12,7770.0
2873_0,4,7,4410.0
2874_0,3,7,7368.0
2875_0,7,8,4600.0
2876_0,8,6,4721.0
2877_0,1,6,4288.0
2878_0,2,11,8230.0
2879_0,4,4,6152.0
2880_0,2,11,6680.0
2881_0,15,6,6900.0
2882_0,3,10,8488.0
2883_0,6,8,12276.0
2884_0,3,8,4550.0
2885_0,5,6,6160.0
2886_0,6,8,3230.0
2887_0,13,6,4440.0
2888_0,1,7,4910.0
2889_0,3,4,5591.0
2890_0,10,4,5338.0
2891_0,2,10,6280.0
2892_0,7,5,5326.0
2893_0,1,7,5509.0
2894_0,16,4,7970.0
2895_0,1,9,7825.0
2896_0,8,5,5200.0
2897_0,11,5,7518.0
2898_0,14,7,8505.0
2899_0,9,6,5050.0
2900_0,4,6,7740.0
2901_0,1,11,8930.0
2902_0,4,9,9780.0
2903_0,7,5,8531.0
2904_0,16,8,5860.0
2905_0,8,4,6377.0
2906_0,2,7,5360.0
2907_0,6,8,4010.0
2908_0,10,3,6159.0
2909_0,5,6,4900.0
2910_0,5,7,5792.0
2911_0,3,9,12930.0
2912_0,3,12,5790.0
2913_0,3,9,12832.0
2914_0,9,7,13112.0
2915_0,6,14,8220.0
2916_0,5,10,8130.0
2917_0,4,5,5028.0
2918_0,14,3,7685.0
2919_0,7,6,6325.0
2920_0,8,12,8300.0
2921_0,3,9,5636.0
2922_0,10,6,9081.0
2923_0,4,7,5970.0
2924_0,9,5,5098.0
2925_0,2,12,6116.0
2926_0,4,4,5910.0
2927_0,6,2,14580.0
2928_0,1,7,12183.0
2929_0,11,4,6730.0
2930_0,3,7,5262.0
2931_0,13,8,3996.0
2932_0,18,7,9366.0
2933_0,3,8,4289.0
2934_0,6,3,12709.0
2935_0,4,6,5261.0
2936_0,1,7,5250.0
2937_0,2,7,5951.0
2938_0,7,4,7466.0
2939_0,3,4,9020.0
2940_0,5,8,9114.0
2941_0,5,9,8054.0
2942_0,3,8,2640.0
2943_0,5,5,8560.0
2944_0,21,2,8370.0
2945_0,4,3,6507.0
2946_0,7,9,7870.0
2947_0,2,6,5801.0
2948_0,3,3,9585.0
2949_0,7,10,3960.0
2950_0,1,7,10274.0
2951_0,3,13,8724.0
2952_0,23,7,8660.0
2953_0,11,8,6874.0
2954_0,9,8,8070.0
2955_0,7,5,9290.0
2956_0,3,8,5788.0
2957_0,6,7,4606.0
2958_0,2,11,8430.0
2959_0,7,7,5240.0
2960_0,1,6,6090.0
2961_0,11,3,6030.0
2962_0,11,3,8800.0
2963_0,1,6,4240.0
2964_0,2,3,9093.0
2965_0,4,6,7840.0
2966_0,5,6,5820.0
2967_0,2,9,10808.0
2968_0,6,7,11538.0
2969_0,4,7,3800.0
2970_0,1,10,4290.0
2971_0,33,5,10284.0
2972_0,4,7,6500.0
2973_0,8,12,10105.0
2974_0,4,3,6579.0
2975_0,3,4,7168.0
2976_0,4,5,5460.0
2977_0,20,4,6750.0
2978_0,1,8,3610.0
2979_0,18,3,8290.0
2980_0,22,4,10278.0
2981_0,3,10,8670.0
2982_0,10,8,7141.0
2983_0,18,5,12452.0
2984_0,25,7,8348.0
2985_0,2,7,11687.0
2986_0,3,4,6200.0
2987_0,2,10,3320.0
2988_0,4,11,7949.0
2989_0,8,4,7470.0
2990_0,2,8,9781.0
2991_0,4,4,6160.0
2992_0,4,6,4440.0
2993_0,14,6,5050.0
2994_0,2,6,5035.0
2995_0,9,7,3820.0
2996_0,1,10,8209.0
2997_0,5,9,5878.0
2998_0,2,6,8980.0
2999_0,9,7,10614.0
3000_0,2,9,7018.0
3001_0,3,6,4700.0
3002_0,3,7,6320.0
3003_0,5,7,11100.0
3004_0,11,3,7570.0
3005_0,6,2,9000.0
3006_0,3,12,9615.0
3007_0,24,4,8869.0
3008_0,1,6,7250.0
3009_0,4,8,7940.0
3010_0,10,3,6580.0
3011_0,4,9,2850.0
3012_0,30,13,6970.0
3013_0,3,5,7542.0
3014_0,6,6,5979.0
3015_0,12,4,5890.0
3016_0,4,9,6668.0
3017_0,18,5,7000.0
3018_0,6,5,7150.0
3019_0,17,10,6360.0
3020_0,7,10,6970.0
3021_0,4,8,6330.0
3022_0,3,4,6520.0
3023_0,13,9,11840.0
3024_0,8,9,7460.0
3025_0,2,7,5200.0
3026_0,5,5,5570.0
3027_0,14,8,11728.0
3028_0,13,5,9290.0
3029_0,3,6,10323.0
3030_0,11,3,7100.0
3031_0,3,11,3510.0
3032_0,2,13,6110.0
3033_0,3,3,7570.0
3034_0,1,6,4020.0
3035_0,3,9,9181.0
3036_0,10,14,4830.0
3037_0,3,4,5310.0
3038_0,2,15,5070.0
3039_0,2,7,4160.0
3040_0,5,6,8430.0
3041_0,3,9,6490.0
3042_0,3,10,7830.0
3043_0,4,5,6810.0
3044_0,3,3,6130.0
3045_0,5,6,7885.0
3046_0,4,9,9143.0
3047_0,3,6,5395.0
3048_0,3,8,7147.0
3049_0,5,8,7980.0
3050_0,4,11,9719.0
3051_0,2,11,10639.0
3052_0,3,8,11283.0
3053_0,7,1,10000.0
3054_0,4,10,6530.0
3055_0,2,6,8120.0
3056_0,13,4,6510.0
3057_0,3,6,10362.0
3058_0,8,4,5380.0
3059_0,8,8,5330.0
3060_0,5,4,6380.0
3061_0,3,9,9038.0
3062_0,9,4,7030.0
3063_0,6,9,9190.0
3064_0,8,9,4251.0
3065_0,6,8,9050.0
3066_0,2,5,10541.0
3067_0,4,5,6304.0
3068_0,4,4,9240.0
3069_0,18,7,5137.0
3070_0,4,6,12029.0
3071_0,2,8,9791.0
3072_0,2,6,9074.0
3073_0,5,8,5810.0
3074_0,6,9,9320.0
3075_0,5,9,10260.0
3076_0,17,4,9515.0
3077_0,1,8,5330.0
3078_0,4,11,8297.0
3079_0,4,4,5610.0
3080_0,4,4,6686.0
3081_0,12,5,5111.0
3082_0,6,10,7777.0
3083_0,2,10,6290.0
3084_0,4,8,7376.0
3085_0,2,8,4900.0
3086_0,17,8,8370.0
3087_0,10,2,11380.0
3088_0,8,6,6070.0
3089_0,3,7,5140.0
3090_0,5,3,6210.0
3091_0,13,3,10490.0
3092_0,1,10,13140.0
3093_0,17,5,10640.0
3094_0,2,9,5080.0
3095_0,2,9,5770.0
3096_0,17,13,7800.0
3097_0,1,8,6300.0
3098_0,2,10,4000.0
3099_0,5,6,5980.0
3100_0,11,5,5260.0
3101_0,3,4,8160.0
3102_0,10,7,8206.0
3103_0,6,11,6130.0
3104_0,2,4,7018.0
3105_0,13,9,8180.0
3106_0,11,5,9620.0
3107_0,4,6,9450.0
3108_0,3,4,8486.0
3109_0,7,4,7860.0
3110_0,5,9,8260.0
3111_0,3,9,11343.0
3112_0,3,7,12240.0
3113_0,6,6,8553.0
3114_0,3,5,7879.0
3115_0,5,9,5500.0
3116_0,11,6,4804.0
3117_0,5,5,6550.0
3118_0,4,6,7869.0
3119_0,3,4,6840.0
3120_0,3,3,9980.0
3121_0,4,8,9320.0
3122_0,10,4,7810.0
3123_0,7,4,5400.0
3124_0,4,3,8950.0
3125_0,5,6,4080.0
3126_0,10,7,4156.0
3127_0,6,5,5230.0
3128_0,9,9,6938.0
3129_0,3,9,6160.0
3130_0,3,6,8442.0
3131_0,4,13,5350.0
3132_0,4,8,5030.0
3133_0,6,8,7572.0
3134_0,5,12,5420.0
3135_0,6,5,6417.0
3136_0,9,3,6370.0
3137_0,3,13,8393.0
3138_0,3,8,6515.0
3139_0,1,7,3588.0
3140_0,7,8,10998.0
3141_0,10,4,5743.0
3142_0,4,6,5480.0
3143_0,2,3,6220.0
3144_0,11,3,6860.0
3145_0,1,5,6612.0
3146_0,1,7,4710.0
3147_0,3,7,5421.0
3148_0,4,6,10910.0
3149_0,8,5,5680.0
3150_0,8,6,6318.0
3151_0,4,3,5980.0
3152_0,9,8,5230.0
3153_0,3,8,3540.0
3154_0,7,7,5510.0
3155_0,4,7,7421.0
3156_0,5,6,5949.0
3157_0,3,3,6145.0
3158_0,3,3,9210.0
3159_0,5,7,5740.0
3160_0,4,4,5938.0
3161_0,3,7,5760.0
3162_0,15,7,3360.0
3163_0,10,3,7180.0
3164_0,2,8,4590.0
3165_0,15,7,4840.0
3166_0,3,8,6880.0
3167_0,12,3,8610.0
3168_0,3,11,6390.0
3169_0,11,7,6520.0
3170_0,3,2,7752.0
3171_0,15,4,5530.0
3172_0,11,4,5450.0
3173_0,3,9,9178.0
3174_0,6,10,9036.0
3175_0,2,5,4750.0
3176_0,8,6,8160.0
3177_0,1,8,6230.0
3178_0,3,3,7270.0
3179_0,3,3,8620.0
3180_0,3,5,6714.0
3181_0,18,8,3850.0
3182_0,5,9,6368.0
3183_0,2,13,8282.0
3184_0,9,11,4326.0
3185_0,10,1,8620.0
3186_0,5,3,10820.0
3187_0,5,5,6460.0
3188_0,3,6,5540.0
3189_0,9,10,7942.0
3190_0,6,8,4723.0
3191_0,8,9,5461.0
3192_0,17,8,5010.0
3193_0,3,14,5920.0
3194_0,1,7,4197.0
3195_0,8,8,4400.0
3196_0,22,3,8020.0
3197_0,1,10,5518.0
3198_0,1,11,8736.0
3199_0,10,4,10370.0
3200_0,2,8,8361.0
3201_0,7,6,7380.0
3202_0,2,2,7180.0
3203_0,14,4,5657.0
3204_0,4,5,11220.0
3205_0,2,5,8620.0
3206_0,2,5,5035.0
3207_0,7,5,5020.0
3208_0,4,7,9687.0
3209_0,3,3,7291.0
3210_0,2,8,2836.0
3211_0,4,3,6050.0
3212_0,3,9,7579.0
3213_0,4,7,11994.0
3214_0,4,11,9400.0
3215_0,5,5,8450.0
3216_0,2,9,8249.0
3217_0,2,7,6910.0
3218_0,8,7,7614.0
3219_0,9,8,7362.0
3220_0,3,12,5910.0
3221_0,11,6,8810.0
3222_0,6,12,7234.0
3223_0,1,5,6467.0
3224_0,3,4,11550.0
3225_0,7,8,3440.0
3226_0,4,5,5390.0
3227_0,9,8,5900.0
3228_0,3,7,5154.0
3229_0,5,10,9495.0
3230_0,5,12,11140.0
3231_0,17,8,5896.0
3232_0,11,3,7720.0
3233_0,12,14,7810.0
3234_0,9,9,6700.0
3235_0,10,6,8400.0
3236_0,3,4,5458.0
3237_0,2,4,8940.0
3238_0,17,4,6709.0
3239_0,11,5,8200.0
3240_0,6,8,5279.0
3241_0,10,5,9802.0
3242_0,4,7,11170.0
3243_0,3,3,7796.0
3244_0,26,5,9840.0
3245_0,2,10,7801.0
3246_0,18,7,8400.0
3247_0,4,8,12780.0
3248_0,3,10,10070.0
3249_0,10,5,6744.0
3250_0,19,4,6800.0
3251_0,7,8,5669.0
3252_0,10,4,6660.0
3253_0,11,2,6800.0
3254_0,3,5,9646.0
3255_0,2,6,5730.0
3256_0,3,7,6060.0
3257_0,8,8,6560.0
3258_0,3,5,9529.0
3259_0,14,5,8090.0
3260_0,2,11,7840.0
3261_0,1,8,7162.0
3262_0,4,12,10669.0
3263_0,3,5,6410.0
3264_0,1,12,5675.0
3265_0,1,7,3960.0
3266_0,2,10,5090.0
3267_0,6,5,9992.0
3268_0,7,8,4400.0
3269_0,10,3,6240.0
3270_0,2,6,7740.0
3271_0,4,13,8580.0
3272_0,4,5,5070.0
3273_0,4,7,7910.0
3274_0,1,7,9650.0
3275_0,5,9,5030.0
3276_0,3,9,7777.0
3277_0,2,5,7515.0
3278_0,2,6,4920.0
3279_0,4,5,8230.0
3280_0,3,11,10560.0
3281_0,1,2,7800.0
3282_0,1,8,5990.0
3283_0,3,6,9250.0
3284_0,2,5,5250.0
3285_0,2,6,7019.0
3286_0,8,6,5440.0
3287_0,8,6,4780.0
3288_0,4,5,7040.0
3289_0,18,7,4780.0
3290_0,3,8,3111.0
3291_0,3,13,8590.0
3292_0,2,10,6590.0
3293_0,8,8,12200.0
3294_0,23,5,6959.0
3295_0,2,5,8960.0
3296_0,9,8,3074.0
3297_0,7,7,7150.0
3298_0,3,6,5360.0
3299_0,2,10,4998.0
3300_0,7,2,7240.0
3301_0,4,11,5170.0
3302_0,3,12,9730.0
3303_0,6,7,7845.0
3304_0,4,4,6690.0
3305_0,3,3,6980.0
3306_0,6,10,6720.0
3307_0,4,8,4817.0
3308_0,3,11,6640.0
3309_0,16,6,6912.0
3310_0,3,11,5070.0
3311_0,4,5,8995.0
3312_0,8,6,5420.0
3313_0,7,8,3170.0
3314_0,2,5,7420.0
3315_0,7,8,5700.0
3316_0,3,9,6550.0
3317_0,2,10,1660.0
3318_0,10,8,10932.0
3319_0,4,4,6852.0
3320_0,1,8,6020.0
3321_0,2,9,12070.0
3322_0,5,7,3580.0
3323_0,5,8,10220.0
3324_0,8,7,6058.0
3325_0,7,7,5120.0
3326_0,21,6,8178.0
3327_0,23,2,9106.0
3328_0,2,8,11180.0
3329_0,7,10,9197.0
3330_0,2,4,8033.0
3331_0,14,4,6020.0
3332_0,16,6,9907.0
3333_0,3,8,5398.0
3334_0,2,8,5460.0
3335_0,18,9,8760.0
3336_0,14,7,11189.0
3337_0,2,10,5930.0
3338_0,7,10,7171.0
3339_0,2,11,8150.0
3340_0,15,6,4468.0
3341_0,12,6,6560.0
3342_0,16,10,8890.0
3343_0,12,7,7693.0
3344_0,2,3,7261.0
3345_0,5,2,7218.0
3346_0,1,7,5450.0
3347_0,4,10,9160.0
3348_0,3,9,7677.0
3349_0,3,6,4690.0
3350_0,2,8,6789.0
3351_0,11,4,10985.0
3352_0,6,9,3570.0
3353_0,9,6,9345.0
3354_0,5,4,12080.0
3355_0,2,9,5320.0
3356_0,10,4,7150.0
3357_0,9,5,6002.0
3358_0,21,5,6186.0
3359_0,3,3,7748.0
3360_0,5,8,12940.0
3361_0,4,2,6920.0
3362_0,1,6,5355.0
3363_0,1,5,13301.0
3364_0,10,4,7180.0
3365_0,2,7,5559.0
3366_0,8,3,10675.0
3367_0,3,7,7010.0
3368_0,4,11,7300.0
3369_0,2,11,9374.0
3370_0,3,8,7454.0
3371_0,3,7,7500.0
3372_0,2,7,13537.0
3373_0,4,5,4760.0
3374_0,3,12,10190.0
3375_0,7,8,6604.0
3376_0,7,9,7840.0
3377_0,3,8,8218.0
3378_0,5,9,4236.0
3379_0,2,4,12090.0
3380_0,7,11,3400.0
3381_0,4,3,9366.0
3382_0,11,15,3710.0
3383_0,2,7,12000.0
3384_0,11,8,6630.0
3385_0,3,6,9080.0
3386_0,1,10,5960.0
3387_0,10,4,9671.0
3388_0,10,5,4829.0
3389_0,4,3,6490.0
3390_0,33,6,8520.0
3391_0,2,10,5090.0
3392_0,2,3,7520.0
3393_0,6,8,7213.0
3394_0,4,8,5720.0
3395_0,4,6,5730.0
3396_0,3,6,6873.0
3397_0,7,9,6600.0
3398_0,4,10,2140.0
3399_0,23,9,6150.0
3400_0,4,14,7770.0
3401_0,3,8,8371.0
3402_0,10,5,9840.0
3403_0,10,5,10860.0
3404_0,9,6,11296.0
3405_0,2,6,4673.0
3406_0,6,6,4680.0
3407_0,3,6,6556.0
3408_0,2,9,11731.0
3409_0,15,5,5478.0
3410_0,10,8,10607.0
3411_0,1,6,4472.0
3412_0,9,6,5640.0
3413_0,17,5,7776.0
3414_0,10,9,8160.0
3415_0,3,6,10550.0
3416_0,2,9,9570.0
3417_0,3,2,9270.0
3418_0,3,8,7650.0
3419_0,10,5,5796.0
3420_0,5,5,8920.0
3421_0,25,8,10490.0
3422_0,11,1,8950.0
3423_0,10,4,5630.0
3424_0,3,3,7568.0
3425_0,6,6,4190.0
3426_0,3,4,8090.0
3427_0,9,7,6866.0
3428_0,9,9,5390.0
3429_0,11,12,7700.0
3430_0,7,7,3621.0
3431_0,10,6,5599.0
3432_0,1,10,6318.0
3433_0,2,9,8335.0
3434_0,11,6,12858.0
3435_0,1,8,10950.0
3436_0,2,9,11556.0
3437_0,1,9,7886.0
3438_0,20,6,5389.0
3439_0,3,5,7620.0
3440_0,10,5,5600.0
3441_0,1,11,7898.0
3442_0,5,4,7410.0
3443_0,1,5,4860.0
3444_0,10,12,5040.0
3445_0,5,6,8350.0
3446_0,9,5,6160.0
3447_0,11,5,5630.0
3448_0,13,5,5220.0
3449_0,12,5,10504.0
3450_0,2,5,9600.0
3451_0,11,6,7770.0
3452_0,11,6,6990.0
3453_0,11,6,7164.0
3454_0,1,11,3910.0
3455_0,19,5,6170.0
3456_0,6,13,7570.0
3457_0,6,5,4905.0
3458_0,6,5,7140.0
3459_0,5,3,6377.0
3460_0,4,5,7950.0
3461_0,13,5,5917.0
3462_0,2,10,11753.0
3463_0,4,14,6698.0
3464_0,19,4,10363.0
3465_0,8,8,6185.0
3466_0,11,2,6660.0
3467_0,4,10,7580.0
3468_0,4,9,5660.0
3469_0,5,6,4870.0
3470_0,1,7,4110.0
3471_0,12,3,6570.0
3472_0,3,5,8190.0
3473_0,7,9,9774.0
3474_0,4,10,13370.0
3475_0,4,6,8970.0
3476_0,1,9,4260.0
3477_0,5,6,7360.0
3478_0,16,5,10000.0
3479_0,2,10,9180.0
3480_0,3,8,8335.0
3481_0,7,8,6226.0
3482_0,21,3,8110.0
3483_0,4,5,7460.0
3484_0,13,8,4510.0
3485_0,3,5,8426.0
3486_0,8,8,8757.0
3487_0,6,1,10000.0
3488_0,17,3,6990.0
3489_0,4,8,7100.0
3490_0,3,7,8542.0
3491_0,4,2,7080.0
3492_0,3,6,10070.0
3493_0,20,7,5248.0
3494_0,6,10,8980.0
3495_0,2,11,8112.0
3496_0,5,6,5675.0
3497_0,7,2,7220.0
3498_0,4,8,13253.0
3499_0,9,5,9660.0
3500_0,11,6,6498.0
3501_0,2,9,12590.0
3502_0,17,6,4838.0
3503_0,12,5,7280.0
3504_0,4,4,5820.0
3505_0,1,7,5840.0
3506_0,11,6,4230.0
3507_0,15,6,5070.0
3508_0,1,9,5852.0
3509_0,4,7,4975.0
3510_0,18,10,12559.0
3511_0,3,4,10149.0
3512_0,11,4,5803.0
3513_0,6,7,5640.0
3514_0,3,7,5377.0
3515_0,2,8,6056.0
3516_0,2,11,8720.0
3517_0,16,7,4740.0
3518_0,4,7,10083.0
3519_0,3,10,4471.0
3520_0,5,7,10330.0
3521_0,18,6,6576.0
3522_0,2,14,6979.0
3523_0,7,8,8780.0
3524_0,4,8,4230.0
3525_0,13,4,10180.0
3526_0,1,12,7600.0
3527_0,4,7,8014.0
3528_0,15,3,8820.0
3529_0,3,4,5860.0
3530_0,11,8,5250.0
3531_0,5,6,4200.0
3532_0,9,7,5739.0
3533_0,11,5,7502.0
3534_0,5,10,6623.0
3535_0,6,6,4270.0
3536_0,17,4,6713.0
3537_0,3,8,7350.0
3538_0,21,9,10917.0
3539_0,4,4,5920.0
3540_0,3,6,7699.0
3541_0,10,10,5335.0
3542_0,2,5,6520.0
3543_0,3,14,7049.0
3544_0,2,4,5330.0
3545_0,23,3,9420.0
3546_0,5,5,6158.0
3547_0,14,3,9920.0
3548_0,2,4,5542.0
3549_0,10,3,13490.0
3550_0,3,8,5359.0
3551_0,2,5,4708.0
3552_0,4,7,4747.0
3553_0,5,9,7940.0
3554_0,6,10,6730.0
3555_0,1,8,6234.0
3556_0,1,9,5420.0
3557_0,5,11,8150.0
3558_0,6,7,7490.0
3559_0,4,6,5850.0
3560_0,3,9,8990.0
3561_0,12,9,3655.0
3562_0,1,7,6230.0
3563_0,16,4,6080.0
3564_0,22,7,9193.0
3565_0,11,5,5970.0
3566_0,9,6,4127.0
3567_0,4,7,4751.0
3568_0,10,4,6420.0
3569_0,11,4,10640.0
3570_0,3,4,10004.0
3571_0,24,5,6941.0
3572_0,2,6,4310.0
3573_0,6,7,6400.0
3574_0,1,8,6090.0
3575_0,1,13,6860.0
3576_0,11,4,5310.0
3577_0,5,4,8239.0
3578_0,1,10,7797.0
3579_0,22,7,10200.0
3580_0,3,6,10720.0
3581_0,23,10,11800.0
3582_0,4,5,8194.0
3583_0,6,5,5470.0
3584_0,7,4,7996.0
3585_0,2,7,7300.0
3586_0,5,4,6798.0
3587_0,2,5,8325.0
3588_0,5,11,5799.0
3589_0,9,10,5569.0
3590_0,9,7,4570.0
3591_0,7,3,7020.0
3592_0,2,11,4420.0
3593_0,3,9,5600.0
3594_0,3,8,2900.0
3595_0,7,6,9207.0
3596_0,18,4,7850.0
3597_0,6,12,9010.0
3598_0,4,6,6000.0
3599_0,4,4,8177.0
3600_0,5,8,4010.0
3601_0,4,8,7110.0
3602_0,3,5,6061.0
3603_0,6,5,7433.0
3604_0,7,3,8871.0
3605_0,6,10,8730.0
3606_0,7,10,10150.0
3607_0,4,5,9732.0
3608_0,3,2,7080.0
3609_0,12,4,5790.0
3610_0,2,9,9880.0
3611_0,16,8,5981.0
3612_0,11,6,10100.0
3613_0,5,6,6480.0
3614_0,3,4,5594.0
3615_0,10,7,12027.0
3616_0,2,5,6133.0
3617_0,3,7,6840.0
3618_0,4,5,12290.0
3619_0,6,10,6850.0
3620_0,10,7,15200.0
3621_0,2,9,10900.0
3622_0,2,5,8275.0
3623_0,15,15,7332.0
3624_0,2,7,4247.0
3625_0,19,5,7115.0
3626_0,23,5,9183.0
3627_0,10,10,12776.0
3628_0,5,12,7750.0
3629_0,2,5,5200.0
3630_0,7,8,4900.0
3631_0,4,5,6348.0
3632_0,5,8,7500.0
3633_0,4,4,5332.0
3634_0,8,6,11637.0
3635_0,1,12,8200.0
3636_0,4,4,6050.0
3637_0,2,9,3680.0
3638_0,3,4,10722.0
3639_0,10,4,6482.0
3640_0,7,8,9588.0
3641_0,5,10,10751.0
3642_0,3,6,5820.0
3643_0,3,5,8141.0
3644_0,2,8,3772.0
3645_0,11,4,9277.0
3646_0,1,3,6170.0
3647_0,2,6,5461.0
3648_0,10,8,8749.0
3649_0,2,8,8090.0
3650_0,2,6,13112.0
3651_0,5,9,8823.0
3652_0,12,10,6240.0
3653_0,6,6,5023.0
3654_0,3,5,5150.0
3655_0,7,8,11440.0
3656_0,12,12,9249.0
3657_0,4,6,5176.0
3658_0,12,6,4660.0
3659_0,4,9,6430.0
3660_0,2,6,7767.0
3661_0,10,6,4438.0
3662_0,4,8,7342.0
3663_0,10,6,5858.0
3664_0,26,3,10010.0
3665_0,2,11,6980.0
3666_0,18,8,7310.0
3667_0,4,4,5580.0
3668_0,2,3,8760.0
3669_0,2,10,12190.0
3670_0,13,10,6900.0
3671_0,10,5,5836.0
3672_0,2,6,7550.0
3673_0,4,6,6150.0
3674_0,12,12,9160.0
3675_0,8,4,5990.0
3676_0,15,6,4950.0
3677_0,10,4,11410.0
3678_0,1,3,8308.0
3679_0,1,2,8570.0
3680_0,12,14,5400.0
3681_0,3,5,4760.0
3682_0,1,11,8000.0
3683_0,4,7,13503.0
3684_0,11,10,12868.0
3685_0,11,4,5815.0
3686_0,6,2,12160.0
3687_0,8,4,8200.0
3688_0,6,7,13310.0
3689_0,6,8,13063.0
3690_0,2,12,8460.0
3691_0,14,7,8204.0
3692_0,5,9,8600.0
3693_0,19,8,7044.0
3694_0,4,10,6570.0
3695_0,7,8,4440.0
3696_0,5,8,8209.0
3697_0,3,7,4829.0
3698_0,3,3,6372.0
3699_0,4,5,8875.0
3700_0,9,5,4750.0
3701_0,7,10,8795.0
3702_0,4,6,7380.0
3703_0,7,7,8961.0
3704_0,11,6,5308.0
3705_0,5,10,3880.0
3706_0,3,4,7359.0
3707_0,3,4,7842.0
3708_0,4,3,9230.0
3709_0,4,5,7100.0
3710_0,4,2,6880.0
3711_0,2,4,6339.0
3712_0,4,6,5609.0
3713_0,7,4,10030.0
3714_0,16,7,4791.0
3715_0,2,10,6433.0
3716_0,9,8,8550.0
3717_0,4,7,9870.0
3718_0,14,7,5680.0
3719_0,2,7,3830.0
3720_0,4,6,7684.0
3721_0,16,6,9305.0
3722_0,11,8,9092.0
3723_0,9,6,7093.0
3724_0,8,6,7590.0
3725_0,2,9,9184.0
3726_0,1,8,8350.0
3727_0,3,3,6636.0
3728_0,3,5,5900.0
3729_0,7,6,7689.0
3730_0,3,3,5991.0
3731_0,6,3,9160.0
3732_0,4,5,5950.0
3733_0,7,7,5500.0
3734_0,4,6,5620.0
3735_0,2,12,10572.0
3736_0,4,4,5585.0
3737_0,6,4,6410.0
3738_0,4,10,5990.0
3739_0,21,4,7580.0
3740_0,2,10,7880.0
3741_0,1,11,7910.0
3742_0,3,7,4440.0
3743_0,13,8,9190.0
3744_0,19,4,9529.0
3745_0,13,8,6170.0
3746_0,9,5,9206.0
3747_0,2,7,10334.0
3748_0,14,3,8516.0
3749_0,3,6,9970.0
3750_0,6,7,6900.0
3751_0,3,4,6118.0
3752_0,11,4,5830.0
3753_0,8,8,10310.0
3754_0,23,7,6200.0
3755_0,17,3,7450.0
3756_0,4,4,5386.0
3757_0,14,13,6040.0
3758_0,17,5,6530.0
3759_0,1,9,4650.0
3760_0,6,7,6370.0
3761_0,15,13,9996.0
3762_0,2,11,2570.0
3763_0,3,9,5580.0
3764_0,3,9,6390.0
3765_0,3,6,5995.0
3766_0,3,8,9425.0
3767_0,14,6,7670.0
3768_0,11,3,6550.0
3769_0,4,15,6980.0
3770_0,4,7,6910.0
3771_0,2,8,5151.0
3772_0,5,6,9280.0
3773_0,4,7,7280.0
3774_0,18,7,7126.0
3775_0,7,12,6170.0
3776_0,3,7,6700.0
3777_0,4,5,11277.0
3778_0,4,3,7930.0
3779_0,7,5,7812.0
3780_0,23,5,8970.0
3781_0,10,7,9940.0
3782_0,5,6,10697.0
3783_0,3,4,6008.0
3784_0,6,6,4000.0
3785_0,17,2,7579.0
3786_0,2,10,6680.0
3787_0,4,6,8854.0
3788_0,4,3,6768.0
3789_0,4,3,7258.0
3790_0,5,3,9150.0
3791_0,3,7,7910.0
3792_0,1,5,6190.0
3793_0,2,10,6584.0
3794_0,2,6,5188.0
3795_0,10,8,9752.0
3796_0,5,11,7427.0
3797_0,15,13,8420.0
3798_0,6,5,6873.0
3799_0,4,4,7280.0
3800_0,5,3,6466.0
3801_0,7,6,5830.0
3802_0,1,7,7926.0
3803_0,3,4,5550.0
3804_0,3,6,5176.0
3805_0,6,10,5740.0
3806_0,4,4,9270.0
3807_0,3,4,7925.0
3808_0,3,9,9640.0
3809_0,6,6,4086.0
3810_0,4,11,3290.0
3811_0,6,6,4668.0
3812_0,4,6,9430.0
3813_0,4,3,6460.0
3814_0,3,4,6090.0
3815_0,11,11,7623.0
3816_0,13,6,4216.0
3817_0,6,3,6330.0
3818_0,23,7,9099.0
3819_0,7,6,6700.0
3820_0,4,4,5312.0
3821_0,4,8,8770.0
3822_0,1,5,6609.0
3823_0,2,5,7150.0
3824_0,3,5,10600.0
3825_0,2,13,4899.0
3826_0,10,8,9860.0
3827_0,17,9,9685.0
3828_0,8,6,4240.0
3829_0,29,6,7679.0
3830_0,11,7,10351.0
3831_0,3,14,8020.0
3832_0,6,11,10906.0
3833_0,17,5,10060.0
3834_0,3,7,8710.0
3835_0,3,6,14451.0
3836_0,10,5,6351.0
3837_0,11,9,7594.0
3838_0,5,6,7750.0
3839_0,4,10,8930.0
3840_0,4,9,4780.0
3841_0,12,8,6700.0
3842_0,4,2,7310.0
3843_0,7,4,8808.0
3844_0,5,8,4168.0
3845_0,5,5,6290.0
3846_0,10,5,6610.0
3847_0,1,4,5520.0
3848_0,1,6,4480.0
3849_0,3,5,7197.0
3850_0,6,8,11459.0
3851_0,12,7,5780.0
3852_0,17,3,6725.0
3853_0,9,3,6408.0
3854_0,2,13,8080.0
3855_0,2,9,4939.0
3856_0,8,7,13258.0
3857_0,3,5,6190.0
3858_0,11,4,7140.0
3859_0,4,9,6100.0
3860_0,18,10,11340.0
3861_0,1,8,4128.0
3862_0,2,6,7660.0
3863_0,3,4,7460.0
3864_0,12,4,6910.0
3865_0,10,5,5090.0
3866_0,4,10,9420.0
3867_0,8,5,11179.0
3868_0,3,6,6820.0
3869_0,10,5,10018.0
3870_0,6,10,5512.0
3871_0,8,5,6273.0
3872_0,24,6,7486.0
3873_0,2,9,3702.0
3874_0,3,4,5583.0
3875_0,2,10,4830.0
3876_0,1,10,12520.0
3877_0,4,9,8580.0
3878_0,18,6,6760.0
3879_0,6,5,7470.0
3880_0,2,3,6829.0
3881_0,11,6,6750.0
3882_0,4,8,7934.0
3883_0,3,5,8163.0
3884_0,7,5,5800.0
3885_0,4,3,6987.0
3886_0,7,7,9319.0
3887_0,11,5,7260.0
3888_0,14,4,9400.0
3889_0,4,4,5321.0
3890_0,2,8,11944.0
3891_0,1,11,4089.0
3892_0,3,10,13436.0
3893_0,2,7,5810.0
3894_0,5,8,7308.0
3895_0,11,5,8477.0
3896_0,18,5,6680.0
3897_0,10,10,6800.0
3898_0,1,8,5452.0
3899_0,11,3,7074.0
3900_0,10,5,6201.0
3901_0,3,7,4356.0
3902_0,2,4,7330.0
3903_0,5,11,9030.0
3904_0,1,6,9267.0
3905_0,13,4,5781.0
3906_0,21,7,7602.0
3907_0,1,7,4330.0
3908_0,4,10,5942.0
3909_0,7,9,7348.0
3910_0,4,9,6660.0
3911_0,2,5,5350.0
3912_0,6,7,9230.0
3913_0,2,10,11105.0
3914_0,1,6,4933.0
3915_0,3,11,4530.0
3916_0,1,6,4510.0
3917_0,9,5,6140.0
3918_0,2,9,6484.0
3919_0,4,8,9534.0
3920_0,3,8,9738.0
3921_0,5,4,7910.0
3922_0,3,4,6161.0
3923_0,6,4,11260.0
3924_0,2,13,6176.0
3925_0,2,7,7476.0
3926_0,3,5,8100.0
3927_0,6,5,6690.0
3928_0,3,10,8390.0
3929_0,25,7,7851.0
3930_0,2,7,7500.0
3931_0,1,9,6709.0
3932_0,1,6,4791.0
3933_0,11,7,8680.0
3934_0,5,8,3471.0
3935_0,13,3,7222.0
3936_0,10,6,6290.0
3937_0,2,11,8200.0
3938_0,5,9,5990.0
3939_0,5,4,7200.0
3940_0,10,3,6880.0
3941_0,15,5,10349.0
3942_0,2,3,6700.0
3943_0,3,8,9872.0
3944_0,13,6,10360.0
3945_0,3,6,6634.0
3946_0,10,4,5535.0
3947_0,2,5,10053.0
3948_0,3,8,7520.0
3949_0,7,7,5350.0
3950_0,9,8,5890.0
3951_0,2,6,4870.0
3952_0,7,8,5932.0
3953_0,6,6,4979.0
3954_0,1,13,8110.0
3955_0,2,4,9510.0
3956_0,5,9,12387.0
3957_0,8,11,10930.0
3958_0,10,5,8551.0
3959_0,2,3,7250.0
3960_0,3,6,5840.0
3961_0,2,7,12284.0
3962_0,5,7,4303.0
3963_0,11,5,9692.0
3964_0,11,7,6649.0
3965_0,2,9,6610.0
3966_0,5,11,8050.0
3967_0,3,6,6213.0
3968_0,6,8,11942.0
3969_0,12,6,4291.0
3970_0,5,6,11108.0
3971_0,2,7,5280.0
3972_0,9,7,4090.0
3973_0,4,7,5713.0
3974_0,2,10,7230.0
3975_0,8,7,8159.0
3976_0,4,4,8210.0
3977_0,1,6,4182.0
3978_0,17,3,11580.0
3979_0,1,13,8670.0
3980_0,3,6,15413.0
3981_0,2,13,8550.0
3982_0,5,5,5862.0
3983_0,7,7,5317.0
3984_0,3,8,5280.0
3985_0,2,7,11810.0
3986_0,3,4,7030.0
3987_0,2,9,3743.0
3988_0,4,6,8630.0
3989_0,3,8,10419.0
3990_0,2,9,4560.0
3991_0,3,6,10071.0
3992_0,3,8,9639.0
3993_0,6,7,4400.0
3994_0,4,6,6630.0
3995_0,3,4,6560.0
3996_0,3,8,6441.0
3997_0,13,3,7290.0
3998_0,11,5,8323.0
3999_0,15,6,5083.0
4000_0,4,3,7230.0
4001_0,9,3,9787.0
4002_0,11,4,9984.0
4003_0,16,9,4590.0
4004_0,6,7,9062.0
4005_0,8,5,5887.0
4006_0,4,9,6965.0
4007_0,9,10,4944.0
4008_0,2,8,5536.0
4009_0,5,8,10585.0
4010_0,13,8,3780.0
4011_0,6,4,6650.0
4012_0,3,10,13325.0
4013_0,15,7,7496.0
4014_0,5,5,7526.0
4015_0,6,13,5110.0
4016_0,3,8,6114.0
4017_0,5,4,8370.0
4018_0,1,10,6783.0
4019_0,14,11,8898.0
4020_0,7,6,5180.0
4021_0,4,4,5990.0
4022_0,7,4,6530.0
4023_0,1,7,10240.0
4024_0,3,9,6948.0
4025_0,1,7,6013.0
4026_0,19,6,8090.0
4027_0,5,7,4931.0
4028_0,4,6,8550.0
4029_0,4,11,7134.0
4030_0,9,6,5300.0
4031_0,5,9,7400.0
4032_0,2,6,5030.0
4033_0,3,4,6320.0
4034_0,4,5,5380.0
4035_0,3,5,7234.0
4036_0,3,8,13160.0
4037_0,5,6,9170.0
4038_0,4,7,6140.0
4039_0,8,7,8341.0
4040_0,2,12,8740.0
4041_0,4,5,9844.0
4042_0,7,11,8570.0
4043_0,4,3,6458.0
4044_0,3,6,8720.0
4045_0,10,6,6266.0
4046_0,3,9,7630.0
4047_0,1,9,5380.0
4048_0,3,4,5554.0
4049_0,7,9,13647.0
4050_0,8,6,4900.0
4051_0,1,7,3620.0
4052_0,17,8,6072.0
4053_0,5,6,9835.0
4054_0,2,11,3720.0
4055_0,6,6,12285.0
4056_0,4,12,6545.0
4057_0,12,7,5140.0
4058_0,11,3,7240.0
4059_0,3,6,3968.0
4060_0,3,3,6630.0
4061_0,12,10,8121.0
4062_0,3,9,9184.0
4063_0,4,7,10420.0
4064_0,3,6,4940.0
4065_0,1,11,7660.0
4066_0,7,14,6410.0
4067_0,10,11,7177.0
4068_0,29,10,7300.0
4069_0,3,5,9818.0
4070_0,4,3,7420.0
4071_0,3,8,8268.0
4072_0,3,8,8010.0
4073_0,1,12,9565.0
4074_0,2,12,9137.0
4075_0,5,7,4987.0
4076_0,4,3,6580.0
4077_0,2,4,6510.0
4078_0,3,8,5350.0
4079_0,5,10,6594.0
4080_0,4,5,7336.0
4081_0,17,9,6175.0
4082_0,5,7,4200.0
4083_0,11,4,6576.0
4084_0,1,5,9248.0
4085_0,6,6,5804.0
4086_0,6,8,4070.0
4087_0,5,14,6103.0
4088_0,1,6,8638.0
4089_0,7,8,8070.0
4090_0,12,2,8600.0
4091_0,7,9,6279.0
4092_0,13,5,6060.0
4093_0,14,10,2900.0
4094_0,10,7,5120.0
4095_0,4,8,11290.0
4096_0,5,6,5770.0
4097_0,2,6,4553.0
4098_0,7,5,5420.0
4099_0,2,8,6422.0
4100_0,11,5,5510.0
4101_0,2,6,13295.0
4102_0,6,7,5760.0
4103_0,5,5,5070.0
4104_0,15,8,6975.0
4105_0,3,5,6360.0
4106_0,3,8,6474.0
4107_0,16,6,7910.0
4108_0,3,3,6160.0
4109_0,4,11,6940.0
4110_0,10,8,7520.0
4111_0,8,6,8428.0
4112_0,2,12,8060.0
4113_0,2,12,7590.0
4114_0,2,8,6892.0
4115_0,8,8,7266.0
4116_0,1,10,8380.0
4117_0,5,7,10793.0
4118_0,3,7,5483.0
4119_0,3,7,9260.0
4120_0,4,3,7080.0
4121_0,3,8,9554.0
4122_0,11,3,6118.0
4123_0,3,6,6390.0
4124_0,3,13,9200.0
4125_0,4,3,6179.0
4126_0,9,7,5180.0
4127_0,37,2,14416.0
4128_0,2,6,7105.0
4129_0,4,5,7466.0
4130_0,5,3,6620.0
4131_0,8,9,9565.0
4132_0,5,11,5090.0
4133_0,5,6,5749.0
4134_0,10,11,3400.0
4135_0,2,3,10243.0
4136_0,5,5,4940.0
4137_0,11,7,5380.0
4138_0,14,14,5230.0
4139_0,11,4,6086.0
4140_0,7,5,6440.0
4141_0,2,11,3800.0
4142_0,18,6,6180.0
4143_0,9,8,6150.0
4144_0,7,4,5669.0
4145_0,2,13,7450.0
4146_0,5,7,9060.0
4147_0,16,5,6628.0
4148_0,5,7,7138.0
4149_0,2,4,7010.0
4150_0,2,7,9280.0
4151_0,29,6,11850.0
4152_0,1,11,8545.0
4153_0,3,10,8230.0
4154_0,10,8,14206.0
4155_0,3,10,7235.0
4156_0,1,8,4610.0
4157_0,3,4,5409.0
4158_0,11,6,5008.0
4159_0,7,9,7272.0
4160_0,7,8,5463.0
4161_0,2,3,7159.0
4162_0,10,5,7420.0
4163_0,9,7,7040.0
4164_0,13,4,5820.0
4165_0,21,6,8036.0
4166_0,1,4,6400.0
4167_0,15,6,4627.0
4168_0,2,3,5998.0
4169_0,5,8,5420.0
4170_0,16,8,10180.0
4171_0,3,10,6750.0
4172_0,12,8,4660.0
4173_0,4,4,7180.0
4174_0,2,7,5695.0
4175_0,10,3,6070.0
4176_0,2,11,7070.0
4177_0,19,9,8398.0
4178_0,21,5,6250.0
4179_0,1,3,8550.0
4180_0,11,5,6864.0
4181_0,7,5,6360.0
4182_0,1,11,10230.0
4183_0,6,4,5370.0
4184_0,7,11,8405.0
4185_0,4,10,7440.0
4186_0,2,11,9661.0
4187_0,11,5,4629.0
4188_0,14,6,4090.0
4189_0,7,7,3650.0
4190_0,16,6,4468.0
4191_0,11,14,8737.0
4192_0,5,9,10850.0
4193_0,2,7,6640.0
4194_0,2,6,4430.0
4195_0,21,6,8570.0
4196_0,7,10,4810.0
4197_0,4,4,5578.0
4198_0,2,7,4790.0
4199_0,8,12,5316.0
4200_0,9,5,5510.0
4201_0,16,4,6720.0
4202_0,6,4,6470.0
4203_0,16,8,6230.0
4204_0,4,6,9600.0
4205_0,1,6,5190.0
4206_0,5,12,7460.0
4207_0,10,6,10280.0
4208_0,5,8,4466.0
4209_0,2,4,6380.0
4210_0,1,6,6919.0
4211_0,3,9,5130.0
4212_0,2,10,8180.0
4213_0,3,9,7710.0
4214_0,4,11,8704.0
4215_0,5,7,7116.0
4216_0,4,5,7040.0
4217_0,4,4,10360.0
4218_0,1,6,8630.0
4219_0,6,8,5930.0
4220_0,3,10,6870.0
4221_0,6,8,8700.0
4222_0,3,5,5938.0
4223_0,19,11,7170.0
4224_0,1,5,10660.0
4225_0,17,8,9580.0
4226_0,1,13,8660.0
4227_0,18,5,7190.0
4228_0,6,5,7022.0
4229_0,7,13,7750.0
4230_0,10,5,7329.0
4231_0,1,13,7000.0
4232_0,26,5,7720.0
4233_0,16,5,7810.0
4234_0,4,9,4920.0
4235_0,11,12,5230.0
4236_0,13,3,8110.0
4237_0,5,5,10893.0
4238_0,11,4,7865.0
4239_0,6,9,5820.0
4240_0,4,9,5201.0
4241_0,2,6,4821.0
4242_0,5,8,6164.0
4243_0,9,10,8313.0
4244_0,4,3,6310.0
4245_0,3,2,20000.0
4246_0,11,5,8390.0
4247_0,2,5,5840.0
4248_0,2,12,5750.0
4249_0,1,11,8130.0
4250_0,1,3,8600.0
4251_0,3,12,4690.0
4252_0,4,7,7201.0
4253_0,2,4,9632.0
4254_0,7,4,6406.0
4255_0,15,6,6040.0
4256_0,6,4,13280.0
4257_0,14,4,6410.0
4258_0,3,5,5469.0
4259_0,11,4,6240.0
4260_0,14,6,6161.0
4261_0,2,5,4750.0
4262_0,3,8,5393.0
4263_0,2,9,3900.0
4264_0,10,7,6403.0
4265_0,10,5,8494.0
4266_0,1,8,4870.0
4267_0,4,6,7372.0
4268_0,2,5,4650.0
4269_0,5,7,3347.0
4270_0,6,13,7302.0
4271_0,7,8,6547.0
4272_0,15,10,10233.0
4273_0,1,6,9375.0
4274_0,3,9,7218.0
4275_0,5,13,6885.0
4276_0,4,7,10699.0
4277_0,8,4,9000.0
4278_0,12,7,5060.0
4279_0,21,6,5740.0
4280_0,3,10,9990.0
4281_0,4,4,5440.0
4282_0,11,9,7297.0
4283_0,1,6,4330.0
4284_0,11,4,6050.0
4285_0,5,10,5766.0
4286_0,4,8,3812.0
4287_0,3,13,8109.0
4288_0,8,7,11217.0
4289_0,5,8,6251.0
4290_0,3,5,8589.0
4291_0,4,9,5120.0
4292_0,1,14,6510.0
4293_0,5,7,7480.0
4294_0,27,7,10052.0
4295_0,2,11,6630.0
4296_0,6,7,6480.0
4297_0,4,6,6020.0
4298_0,2,7,4580.0
4299_0,3,9,8570.0
4300_0,2,8,5182.0
4301_0,16,4,10177.0
4302_0,3,9,5060.0
4303_0,2,7,5400.0
4304_0,9,5,5810.0
4305_0,3,6,4460.0
4306_0,4,6,5304.0
4307_0,10,5,11393.0
4308_0,3,4,10292.0
4309_0,1,8,6700.0
4310_0,3,10,8440.0
4311_0,4,6,11440.0
4312_0,4,4,8911.0
4313_0,6,6,10660.0
4314_0,2,5,5290.0
4315_0,6,10,7600.0
4316_0,1,6,6570.0
4317_0,14,13,7207.0
4318_0,6,13,9395.0
4319_0,12,7,4210.0
4320_0,4,5,9818.0
4321_0,13,4,6150.0
4322_0,11,5,5050.0
4323_0,3,6,6370.0
4324_0,2,10,8790.0
4325_0,11,6,6872.0
4326_0,5,4,5580.0
4327_0,11,4,7640.0
4328_0,13,7,4400.0
4329_0,6,7,12476.0
4330_0,3,4,10250.0
4331_0,1,9,11441.0
4332_0,20,7,6636.0
4333_0,11,4,5820.0
4334_0,2,8,4750.0
4335_0,3,5,10798.0
4336_0,2,9,4910.0
4337_0,6,6,4000.0
4338_0,3,8,2800.0
4339_0,9,9,10031.0
4340_0,5,7,8566.0
4341_0,5,5,5748.0
4342_0,6,7,4310.0
4343_0,17,6,5872.0
4344_0,4,5,6144.0
4345_0,6,9,6240.0
4346_0,16,4,7997.0
4347_0,7,10,8125.0
4348_0,7,7,4840.0
4349_0,6,11,8266.0
4350_0,7,5,6150.0
4351_0,6,10,7570.0
4352_0,3,7,9057.0
4353_0,13,6,14882.0
4354_0,9,6,4990.0
4355_0,4,5,5312.0
4356_0,3,7,4180.0
4357_0,3,4,6157.0
4358_0,11,4,6328.0
4359_0,3,3,11794.0
4360_0,11,6,4401.0
4361_0,6,8,11570.0
4362_0,9,4,8470.0
4363_0,28,8,6018.0
4364_0,2,8,5030.0
4365_0,10,6,7795.0
4366_0,1,4,7040.0
4367_0,4,7,12640.0
4368_0,10,5,14071.0
4369_0,3,3,6690.0
4370_0,2,6,6300.0
4371_0,1,6,5120.0
4372_0,4,3,7410.0
4373_0,19,10,7371.0
4374_0,14,3,6810.0
4375_0,21,6,6110.0
4376_0,17,3,7510.0
4377_0,1,9,8882.0
4378_0,11,13,9791.0
4379_0,4,8,7143.0
4380_0,17,4,7347.0
4381_0,2,11,4010.0
4382_0,12,6,7290.0
4383_0,10,6,4620.0
4384_0,2,9,12310.0
4385_0,4,5,4691.0
4386_0,6,9,7670.0
4387_0,6,8,7660.0
4388_0,2,4,8150.0
4389_0,5,7,8110.0
4390_0,11,8,3610.0
4391_0,4,8,5338.0
4392_0,13,9,5030.0
4393_0,4,9,5337.0
4394_0,2,9,5050.0
4395_0,6,7,7710.0
4396_0,5,8,5364.0
4397_0,6,3,9611.0
4398_0,2,8,8309.0
4399_0,5,7,6340.0
4400_0,4,8,8701.0
4401_0,2,12,8028.0
4402_0,11,9,9900.0
4403_0,7,5,9046.0
4404_0,6,7,5410.0
4405_0,8,9,3740.0
4406_0,1,4,8480.0
4407_0,5,5,8247.0
4408_0,5,10,10426.0
4409_0,1,7,3970.0
4410_0,9,8,5976.0
4411_0,9,12,9620.0
4412_0,2,8,7746.0
4413_0,25,4,7790.0
4414_0,10,5,6170.0
4415_0,11,3,6530.0
4416_0,9,8,10119.0
4417_0,3,12,7648.0
4418_0,18,3,7660.0
4419_0,5,10,12807.0
4420_0,5,4,5300.0
4421_0,3,8,12610.0
4422_0,2,11,10805.0
4423_0,5,9,5966.0
4424_0,7,3,6290.0
4425_0,3,10,5435.0
4426_0,12,11,6640.0
4427_0,14,6,6450.0
4428_0,2,4,9600.0
4429_0,12,6,4260.0
4430_0,1,8,8010.0
4431_0,23,3,9211.0
4432_0,22,7,7120.0
4433_0,5,10,4690.0
4434_0,8,4,6122.0
4435_0,1,10,6568.0
4436_0,7,7,10119.0
4437_0,8,5,8970.0
4438_0,17,6,5130.0
4439_0,1,7,7665.0
4440_0,6,6,7780.0
4441_0,2,10,9090.0
4442_0,7,4,7000.0
4443_0,1,8,10042.0
4444_0,11,6,6190.0
4445_0,5,4,10520.0
4446_0,4,4,5435.0
4447_0,1,6,4544.0
4448_0,5,8,6260.0
4449_0,7,4,5336.0
4450_0,5,7,5100.0
4451_0,5,6,6050.0
4452_0,1,11,10321.0
4453_0,7,8,10267.0
4454_0,4,5,7250.0
4455_0,2,4,10950.0
4456_0,6,7,7230.0
4457_0,2,7,5890.0
4458_0,1,10,8654.0
4459_0,4,5,5159.0
4460_0,2,6,4436.0
4461_0,8,7,5960.0
4462_0,2,5,10300.0
4463_0,3,6,6110.0
4464_0,8,11,7700.0
4465_0,2,11,7517.0
4466_0,3,4,10843.0
4467_0,11,4,6041.0
4468_0,3,7,6140.0
4469_0,4,5,6020.0
4470_0,8,8,7710.0
4471_0,6,3,6470.0
4472_0,6,9,5713.0
4473_0,4,5,8940.0
4474_0,3,8,5600.0
4475_0,2,7,4190.0
4476_0,2,7,6260.0
4477_0,5,10,12620.0
4478_0,3,3,5981.0
4479_0,2,6,5370.0
4480_0,2,10,11721.0
4481_0,4,6,14865.0
4482_0,2,3,6000.0
4483_0,5,6,9565.0
4484_0,12,7,8790.0
4485_0,4,8,5890.0
4486_0,2,6,5220.0
4487_0,4,5,6830.0
4488_0,2,12,9857.0
4489_0,9,5,10300.0
4490_0,2,11,10830.0
4491_0,11,7,7440.0
4492_0,7,7,6482.0
4493_0,13,6,4300.0
4494_0,5,5,5660.0
4495_0,2,6,5070.0
4496_0,6,7,11354.0
4497_0,3,5,8900.0
4498_0,16,9,7200.0
4499_0,10,11,8240.0
4500_0,7,8,14111.0
4501_0,4,7,5139.0
4502_0,4,8,5400.0
4503_0,6,6,7000.0
4504_0,7,7,3680.0
4505_0,2,9,7350.0
4506_0,13,7,5910.0
4507_0,3,4,5586.0
4508_0,3,4,5753.0
4509_0,3,10,6850.0
4510_0,4,8,5810.0
4511_0,4,10,8580.0
4512_0,9,6,7960.0
4513_0,5,4,6000.0
4514_0,2,14,7980.0
4515_0,3,6,8766.0
4516_0,10,8,8596.0
4517_0,7,6,4116.0
4518_0,20,5,7740.0
4519_0,8,8,9461.0
4520_0,6,9,4900.0
4521_0,8,8,14893.0
4522_0,3,5,6042.0
4523_0,10,3,6472.0
4524_0,6,5,6670.0
4525_0,10,4,9318.0
4526_0,17,3,7330.0
4527_0,8,7,8952.0
4528_0,5,9,9090.0
4529_0,3,7,4210.0
4530_0,3,6,4720.0
4531_0,4,6,16280.0
4532_0,1,10,7000.0
4533_0,9,7,6718.0
4534_0,6,12,10700.0
4535_0,5,6,4559.0
4536_0,3,7,3710.0
4537_0,1,13,8150.0
4538_0,16,7,6010.0
4539_0,1,6,12419.0
4540_0,14,6,6360.0
4541_0,1,6,6250.0
4542_0,9,7,4710.0
4543_0,11,10,11235.0
4544_0,3,6,8070.0
4545_0,4,7,5100.0
4546_0,2,8,4782.0
4547_0,2,7,9580.0
4548_0,15,8,3940.0
4549_0,1,9,2100.0
4550_0,8,6,11570.0
4551_0,7,8,6649.0
4552_0,3,5,11930.0
4553_0,8,5,5370.0
4554_0,4,8,13487.0
4555_0,3,5,13440.0
4556_0,10,8,8879.0
4557_0,4,2,7210.0
4558_0,9,5,4878.0
4559_0,9,5,4690.0
4560_0,1,8,7594.0
4561_0,1,11,10171.0
4562_0,3,7,7105.0
4563_0,14,4,7617.0
4564_0,5,10,10572.0
4565_0,4,6,10230.0
4566_0,5,11,6013.0
4567_0,7,6,9338.0
4568_0,2,2,20000.0
4569_0,3,9,6842.0
4570_0,10,10,7500.0
4571_0,9,7,5287.0
4572_0,2,8,4282.0
4573_0,7,4,5448.0
4574_0,9,5,4634.0
4575_0,1,11,11500.0
4576_0,7,8,7460.0
4577_0,9,10,5106.0
4578_0,4,8,3900.0
4579_0,4,7,10620.0
4580_0,1,5,7610.0
4581_0,18,4,6910.0
4582_0,5,11,8480.0
4583_0,2,6,4140.0
4584_0,17,9,9340.0
4585_0,13,5,6830.0
4586_0,4,6,5850.0
4587_0,3,5,5740.0
4588_0,5,12,10270.0
4589_0,1,13,6420.0
4590_0,4,8,5170.0
4591_0,3,10,6830.0
4592_0,28,10,6770.0
4593_0,13,3,7470.0
4594_0,18,6,5532.0
4595_0,4,7,8100.0
4596_0,4,7,7294.0
4597_0,9,9,5957.0
4598_0,11,9,7140.0
4599_0,7,9,6134.0
4600_0,2,6,4790.0
4601_0,2,8,3560.0
4602_0,6,3,7470.0
4603_0,3,4,6451.0
4604_0,7,8,5649.0
4605_0,3,7,8577.0
4606_0,3,11,5520.0
4607_0,2,10,5446.0
4608_0,4,6,6690.0
4609_0,12,5,6049.0
4610_0,10,5,5250.0
4611_0,10,7,4178.0
4612_0,10,4,8400.0
4613_0,11,9,5670.0
4614_0,5,8,4458.0
4615_0,9,12,9230.0
4616_0,14,5,8006.0
4617_0,7,4,8540.0
4618_0,2,7,11980.0
4619_0,4,6,9840.0
4620_0,10,7,5360.0
4621_0,12,6,9107.0
4622_0,10,3,14894.0
4623_0,5,7,6927.0
4624_0,2,9,4980.0
4625_0,5,15,7220.0
4626_0,2,11,6400.0
4627_0,3,4,7540.0
4628_0,3,7,9976.0
4629_0,14,9,13190.0
4630_0,7,6,5919.0
4631_0,12,8,4420.0
4632_0,2,4,10310.0
4633_0,32,8,7690.0
4634_0,8,7,8560.0
4635_0,2,14,4380.0
4636_0,2,3,6890.0
4637_0,2,10,11594.0
4638_0,2,7,5030.0
4639_0,6,10,7820.0
4640_0,6,3,6060.0
4641_0,6,10,11091.0
4642_0,20,12,7108.0
4643_0,6,9,7566.0
4644_0,2,8,9179.0
4645_0,17,4,6250.0
4646_0,15,9,5580.0
4647_0,5,11,8862.0
4648_0,10,6,8910.0
4649_0,2,7,8626.0
4650_0,9,10,6729.0
4651_0,8,3,7837.0
4652_0,8,4,5657.0
4653_0,2,7,5500.0
4654_0,2,9,6850.0
4655_0,5,7,6602.0
4656_0,1,13,7700.0
4657_0,11,3,7642.0
4658_0,4,9,9340.0
4659_0,8,10,9420.0
4660_0,5,9,7320.0
4661_0,3,11,8594.0
4662_0,16,3,8392.0
4663_0,10,5,4890.0
4664_0,4,7,5680.0
4665_0,4,9,4260.0
4666_0,14,5,11120.0
4667_0,12,7,8510.0
4668_0,2,11,6110.0
4669_0,11,3,6460.0
4670_0,9,8,5033.0
4671_0,2,12,7939.0
4672_0,24,2,10930.0
4673_0,2,9,7142.0
4674_0,32,8,12631.0
4675_0,7,6,5500.0
4676_0,2,3,8020.0
4677_0,6,10,7586.0
4678_0,3,9,9280.0
4679_0,4,2,6940.0
4680_0,4,5,6030.0
4681_0,13,6,10230.0
4682_0,4,8,3471.0
4683_0,3,8,10160.0
4684_0,1,8,4768.0
4685_0,5,9,5122.0
4686_0,2,6,5371.0
4687_0,5,10,3380.0
4688_0,1,8,11670.0
4689_0,10,9,8118.0
4690_0,2,8,7561.0
4691_0,6,6,5500.0
4692_0,3,8,7869.0
4693_0,9,4,7590.0
4694_0,6,6,4330.0
4695_0,5,12,6530.0
4696_0,16,4,8240.0
4697_0,17,6,8110.0
4698_0,3,8,6360.0
4699_0,10,5,16840.0
4700_0,4,9,5695.0
4701_0,10,7,6541.0
4702_0,5,5,9700.0
4703_0,2,9,5190.0
4704_0,4,8,10250.0
4705_0,6,8,5810.0
4706_0,23,7,7470.0
4707_0,9,5,8610.0
4708_0,3,8,3240.0
4709_0,3,4,8663.0
4710_0,2,8,5290.0
4711_0,6,7,4998.0
4712_0,14,7,6549.0
4713_0,11,4,10062.0
4714_0,4,5,6840.0
4715_0,3,8,5120.0
4716_0,11,7,10040.0
4717_0,10,4,5310.0
4718_0,6,7,6500.0
4719_0,2,5,5298.0
4720_0,7,12,10320.0
4721_0,4,6,15360.0
4722_0,1,9,5000.0
4723_0,2,7,4930.0
4724_0,3,11,6490.0
4725_0,2,9,4080.0
4726_0,4,6,7268.0
4727_0,9,7,10515.0
4728_0,6,11,5060.0
4729_0,3,8,12990.0
4730_0,3,11,9560.0
4731_0,3,5,9994.0
4732_0,7,6,4530.0
4733_0,3,11,6220.0
4734_0,2,12,3770.0
4735_0,7,7,4530.0
4736_0,1,9,4377.0
4737_0,10,13,1560.0
4738_0,7,3,6570.0
4739_0,10,5,4760.0
4740_0,10,6,4860.0
4741_0,1,8,8781.0
4742_0,5,6,6926.0
4743_0,7,6,10777.0
4744_0,3,5,10333.0
4745_0,6,3,7305.0
4746_0,3,6,3990.0
4747_0,14,6,4489.0
4748_0,4,2,7280.0
4749_0,7,4,8880.0
4750_0,10,6,6769.0
4751_0,7,5,7970.0
4752_0,28,9,5136.0
4753_0,4,6,11076.0
4754_0,17,4,5936.0
4755_0,8,6,5020.0
4756_0,3,5,13354.0
4757_0,2,6,4620.0
4758_0,5,9,5576.0
4759_0,1,5,5220.0
4760_0,7,8,6190.0
4761_0,11,4,5929.0
4762_0,3,7,7415.0
4763_0,13,4,6767.0
4764_0,4,12,7644.0
4765_0,3,4,5630.0
4766_0,5,5,7422.0
4767_0,3,6,14283.0
4768_0,15,7,4370.0
4769_0,9,8,7930.0
4770_0,11,6,5921.0
4771_0,3,5,5760.0
4772_0,6,5,5700.0
4773_0,1,6,7380.0
4774_0,19,8,5390.0
4775_0,16,13,9571.0
4776_0,7,9,9220.0
4777_0,4,6,10421.0
4778_0,4,10,7510.0
4779_0,14,6,4900.0
4780_0,5,11,5461.0
4781_0,3,9,6500.0
4782_0,4,4,6406.0
4783_0,13,6,4480.0
4784_0,6,7,9944.0
4785_0,4,12,10394.0
4786_0,10,3,7420.0
4787_0,2,5,9419.0
4788_0,4,4,6124.0
4789_0,2,5,5260.0
4790_0,8,5,7780.0
4791_0,6,10,6190.0
4792_0,14,6,5540.0
4793_0,2,13,5650.0
4794_0,4,8,14322.0
4795_0,4,9,4754.0
4796_0,2,5,6650.0
4797_0,3,10,6450.0
4798_0,6,8,5330.0
4799_0,11,8,5910.0
4800_0,4,5,7100.0
4801_0,10,7,16670.0
4802_0,2,6,8760.0
4803_0,9,5,7680.0
4804_0,3,5,7320.0
4805_0,5,5,5070.0
4806_0,8,4,8490.0
4807_0,4,10,10230.0
4808_0,5,4,8980.0
4809_0,9,4,7544.0
4810_0,7,3,7710.0
4811_0,2,6,5262.0
4812_0,5,8,5081.0
4813_0,8,5,6704.0
4814_0,3,11,12053.0
4815_0,5,4,8631.0
4816_0,6,10,6420.0
4817_0,3,6,7559.0
4818_0,5,9,12348.0
4819_0,17,5,8210.0
4820_0,1,5,7568.0
4821_0,1,11,6700.0
4822_0,5,9,5165.0
4823_0,3,4,6860.0
4824_0,2,13,9410.0
4825_0,4,6,7044.0
4826_0,1,6,5210.0
4827_0,4,7,5370.0
4828_0,4,10,6300.0
4829_0,13,6,7020.0
4830_0,2,5,7690.0
4831_0,1,9,7400.0
4832_0,13,8,5980.0
4833_0,4,4,5780.0
4834_0,3,6,8490.0
4835_0,3,5,9570.0
4836_0,10,5,5190.0
4837_0,7,8,7135.0
4838_0,3,7,14004.0
4839_0,2,12,4740.0
4840_0,4,7,7490.0
4841_0,6,11,10560.0
4842_0,3,3,6680.0
4843_0,8,6,10780.0
4844_0,17,6,6220.0
4845_0,11,9,6985.0
4846_0,3,9,5420.0
4847_0,1,8,6183.0
4848_0,1,3,6180.0
4849_0,1,9,7415.0
4850_0,9,7,4790.0
4851_0,3,7,9130.0
4852_0,10,3,6820.0
4853_0,7,5,5100.0
4854_0,7,4,6140.0
4855_0,11,3,8640.0
4856_0,18,4,6770.0
4857_0,3,4,6100.0
4858_0,2,9,7340.0
4859_0,7,7,4050.0
4860_0,10,3,10110.0
4861_0,4,9,6960.0
4862_0,3,8,5882.0
4863_0,1,6,4792.0
4864_0,2,7,5097.0
4865_0,5,8,14504.0
4866_0,7,9,4660.0
4867_0,7,5,8016.0
4868_0,5,1,10000.0
4869_0,2,6,6540.0
4870_0,2,8,3470.0
4871_0,4,4,6350.0
4872_0,2,5,5200.0
4873_0,7,10,8070.0
4874_0,2,11,7228.0
4875_0,2,6,6000.0
4876_0,11,5,10110.0
4877_0,1,10,6425.0
4878_0,3,6,7920.0
4879_0,14,5,5920.0
4880_0,1,11,8600.0
4881_0,20,8,5920.0
4882_0,6,5,5040.0
4883_0,14,5,8300.0
4884_0,2,9,9226.0
4885_0,9,8,6012.0
4886_0,8,6,4653.0
4887_0,1,8,6080.0
4888_0,7,10,8948.0
4889_0,1,6,6910.0
4890_0,9,3,6910.0
4891_0,11,6,8585.0
4892_0,4,6,4263.0
4893_0,4,3,5980.0
4894_0,2,6,5550.0
4895_0,10,4,5475.0
4896_0,4,4,11090.0
4897_0,3,3,6455.0
4898_0,3,8,7280.0
4899_0,1,5,4880.0
4900_0,7,5,9250.0
4901_0,6,5,4983.0
4902_0,13,8,4303.0
4903_0,8,12,5864.0
4904_0,2,5,7270.0
4905_0,2,11,10540.0
4906_0,23,4,7240.0
4907_0,6,9,13048.0
4908_0,1,4,5710.0
4909_0,5,5,15190.0
